,Left-Cerebral-White-Matter,Left-Lateral-Ventricle,Left-Inf-Lat-Vent,Left-Cerebellum-White-Matter,Left-Cerebellum-Cortex,Left-Thalamus-Proper,Left-Caudate,Left-Putamen,Left-Pallidum,3rd-Ventricle,4th-Ventricle,Brain-Stem,Left-Hippocampus,Left-Amygdala,CSF,Left-Accumbens-area,Left-VentralDC,Left-vessel,Left-choroid-plexus,Right-Cerebral-White-Matter,Right-Lateral-Ventricle,Right-Inf-Lat-Vent,Right-Cerebellum-White-Matter,Right-Cerebellum-Cortex,Right-Thalamus-Proper,Right-Caudate,Right-Putamen,Right-Pallidum,Right-Hippocampus,Right-Amygdala,Right-Accumbens-area,Right-VentralDC,Right-vessel,Right-choroid-plexus,WM-hypointensities,Optic-Chiasm,CC_Posterior,CC_Mid_Posterior,CC_Central,CC_Mid_Anterior,CC_Anterior,ctx_lh_G_and_S_frontomargin,ctx_lh_G_and_S_occipital_inf,ctx_lh_G_and_S_paracentral,ctx_lh_G_and_S_subcentral,ctx_lh_G_and_S_transv_frontopol,ctx_lh_G_and_S_cingul-Ant,ctx_lh_G_and_S_cingul-Mid-Ant,ctx_lh_G_and_S_cingul-Mid-Post,ctx_lh_G_cingul-Post-dorsal,ctx_lh_G_cingul-Post-ventral,ctx_lh_G_cuneus,ctx_lh_G_front_inf-Opercular,ctx_lh_G_front_inf-Orbital,ctx_lh_G_front_inf-Triangul,ctx_lh_G_front_middle,ctx_lh_G_front_sup,ctx_lh_G_Ins_lg_and_S_cent_ins,ctx_lh_G_insular_short,ctx_lh_G_occipital_middle,ctx_lh_G_occipital_sup,ctx_lh_G_oc-temp_lat-fusifor,ctx_lh_G_oc-temp_med-Lingual,ctx_lh_G_oc-temp_med-Parahip,ctx_lh_G_orbital,ctx_lh_G_pariet_inf-Angular,ctx_lh_G_pariet_inf-Supramar,ctx_lh_G_parietal_sup,ctx_lh_G_postcentral,ctx_lh_G_precentral,ctx_lh_G_precuneus,ctx_lh_G_rectus,ctx_lh_G_subcallosal,ctx_lh_G_temp_sup-G_T_transv,ctx_lh_G_temp_sup-Lateral,ctx_lh_G_temp_sup-Plan_polar,ctx_lh_G_temp_sup-Plan_tempo,ctx_lh_G_temporal_inf,ctx_lh_G_temporal_middle,ctx_lh_Lat_Fis-ant-Horizont,ctx_lh_Lat_Fis-ant-Vertical,ctx_lh_Lat_Fis-post,ctx_lh_Pole_occipital,ctx_lh_Pole_temporal,ctx_lh_S_calcarine,ctx_lh_S_central,ctx_lh_S_cingul-Marginalis,ctx_lh_S_circular_insula_ant,ctx_lh_S_circular_insula_inf,ctx_lh_S_circular_insula_sup,ctx_lh_S_collat_transv_ant,ctx_lh_S_collat_transv_post,ctx_lh_S_front_inf,ctx_lh_S_front_middle,ctx_lh_S_front_sup,ctx_lh_S_interm_prim-Jensen,ctx_lh_S_intrapariet_and_P_trans,ctx_lh_S_oc_middle_and_Lunatus,ctx_lh_S_oc_sup_and_transversal,ctx_lh_S_occipital_ant,ctx_lh_S_oc-temp_lat,ctx_lh_S_oc-temp_med_and_Lingual,ctx_lh_S_orbital_lateral,ctx_lh_S_orbital_med-olfact,ctx_lh_S_orbital-H_Shaped,ctx_lh_S_parieto_occipital,ctx_lh_S_pericallosal,ctx_lh_S_postcentral,ctx_lh_S_precentral-inf-part,ctx_lh_S_precentral-sup-part,ctx_lh_S_suborbital,ctx_lh_S_subparietal,ctx_lh_S_temporal_inf,ctx_lh_S_temporal_sup,ctx_lh_S_temporal_transverse,ctx_rh_G_and_S_frontomargin,ctx_rh_G_and_S_occipital_inf,ctx_rh_G_and_S_paracentral,ctx_rh_G_and_S_subcentral,ctx_rh_G_and_S_transv_frontopol,ctx_rh_G_and_S_cingul-Ant,ctx_rh_G_and_S_cingul-Mid-Ant,ctx_rh_G_and_S_cingul-Mid-Post,ctx_rh_G_cingul-Post-dorsal,ctx_rh_G_cingul-Post-ventral,ctx_rh_G_cuneus,ctx_rh_G_front_inf-Opercular,ctx_rh_G_front_inf-Orbital,ctx_rh_G_front_inf-Triangul,ctx_rh_G_front_middle,ctx_rh_G_front_sup,ctx_rh_G_Ins_lg_and_S_cent_ins,ctx_rh_G_insular_short,ctx_rh_G_occipital_middle,ctx_rh_G_occipital_sup,ctx_rh_G_oc-temp_lat-fusifor,ctx_rh_G_oc-temp_med-Lingual,ctx_rh_G_oc-temp_med-Parahip,ctx_rh_G_orbital,ctx_rh_G_pariet_inf-Angular,ctx_rh_G_pariet_inf-Supramar,ctx_rh_G_parietal_sup,ctx_rh_G_postcentral,ctx_rh_G_precentral,ctx_rh_G_precuneus,ctx_rh_G_rectus,ctx_rh_G_subcallosal,ctx_rh_G_temp_sup-G_T_transv,ctx_rh_G_temp_sup-Lateral,ctx_rh_G_temp_sup-Plan_polar,ctx_rh_G_temp_sup-Plan_tempo,ctx_rh_G_temporal_inf,ctx_rh_G_temporal_middle,ctx_rh_Lat_Fis-ant-Horizont,ctx_rh_Lat_Fis-ant-Vertical,ctx_rh_Lat_Fis-post,ctx_rh_Pole_occipital,ctx_rh_Pole_temporal,ctx_rh_S_calcarine,ctx_rh_S_central,ctx_rh_S_cingul-Marginalis,ctx_rh_S_circular_insula_ant,ctx_rh_S_circular_insula_inf,ctx_rh_S_circular_insula_sup,ctx_rh_S_collat_transv_ant,ctx_rh_S_collat_transv_post,ctx_rh_S_front_inf,ctx_rh_S_front_middle,ctx_rh_S_front_sup,ctx_rh_S_interm_prim-Jensen,ctx_rh_S_intrapariet_and_P_trans,ctx_rh_S_oc_middle_and_Lunatus,ctx_rh_S_oc_sup_and_transversal,ctx_rh_S_occipital_ant,ctx_rh_S_oc-temp_lat,ctx_rh_S_oc-temp_med_and_Lingual,ctx_rh_S_orbital_lateral,ctx_rh_S_orbital_med-olfact,ctx_rh_S_orbital-H_Shaped,ctx_rh_S_parieto_occipital,ctx_rh_S_pericallosal,ctx_rh_S_postcentral,ctx_rh_S_precentral-inf-part,ctx_rh_S_precentral-sup-part,ctx_rh_S_suborbital,ctx_rh_S_subparietal,ctx_rh_S_temporal_inf,ctx_rh_S_temporal_sup,ctx_rh_S_temporal_transverse
D1,-0.04850877848,-0.2595799345,0.1617374235,-0.8749422489,-0.8767066666,0.2600291421,4.375105316,5.428082251,2.523566287,-0.7489219501,-0.6419868626,-0.782490159,0.1416282959,0.7988786687,-0.5544718602,3.702340529,-0.07309543736,1.708173133,-0.05876081402,0.04352874313,-0.2447353167,0.170672717,-0.913806925,-0.9018586603,0.3637229458,4.20128107,5.62775792,2.85397329,0.1725324779,0.854657597,3.33302643,-0.04744013706,1.841977731,-0.1313009151,-0.6954973979,-1.007363425,-0.8301009672,-1.005331958,-0.8933960016,-0.9124669344,-0.4107205808,0.4832376048,-0.2736158655,-0.2792176685,0.1228237286,0.03211788735,0.9468306267,0.659111902,0.5771294157,1.079147307,0.1393434011,0.546240057,0.4057783982,0.2971774545,0.1733634053,-0.04047986944,0.1640910049,1.061941893,0.9703087386,-0.4400060461,-0.3150643036,0.467508039,0.3847198282,0.1316877759,0.2344556095,-0.2870176074,-0.0698505117,-0.1730567759,-0.5260646506,-0.4389192435,0.69232667,0.8986118255,1.235519901,0.7433810141,0.02996720588,0.5489709994,0.1396249097,0.2881175432,0.1657379245,0.1976833275,0.2348712422,0.3204409574,-0.4400442365,0.4369547168,0.5140788337,-0.1735910083,0.537069245,0.8394620826,0.8289934136,0.7996995766,0.5412741046,0.4649352471,0.3863456441,0.3895441646,0.2330423508,0.2517993515,0.1891694389,-0.1101584729,0.03696780412,0.2708262774,0.6065910857,0.8700987393,0.4831562367,1.209492731,0.6052888095,0.6210746856,-0.1160616038,0.04333341918,0.1019781604,0.02928564873,1.137058737,0.5873324378,0.3062197082,0.4780542766,0.2083000741,0.5796513711,-0.2353561996,-0.2288401388,0.3724824533,0.2271592098,1.067692454,0.6654632893,0.6208015702,1.08326562,0.4519819427,0.5424702513,0.628248806,0.3912818485,0.2879831806,0.1100818207,0.1696037602,1.273320271,1.051549566,-0.1184593851,-0.2982521985,0.4988027754,0.4158173914,0.1324059355,0.2272145043,0.07402657493,0.1841327372,-0.200426667,-0.454643075,-0.2885638596,0.5198347828,0.9987138272,1.431858938,1.00485365,0.2159545389,0.7133401703,0.3833076247,0.3485792829,0.4308270703,0.277408092,0.3842392744,0.7339957364,-0.2663842866,0.3944164301,0.3728350276,-0.006886685333,0.6444588416,0.811904404,0.9883960691,0.9933544917,0.6672138604,0.5510834619,0.3927729834,0.5025975732,0.373296277,0.4519508539,0.07857671672,0.06231965588,-0.0587278504,0.2971621006,0.783142638,0.8427966293,0.6225068598,1.29693133,0.6879454342,0.4172796787,-0.09953811965,0.231134385,0.4790438253,0.04982806948,1.257805551,0.6122190106,0.7211277885,0.8298615125,0.574330165
D2,-0.04740643249,0.3580972459,0.1348476784,-0.7379776132,-0.7068946474,1.508442325,5.293422994,6.707946679,2.930723845,1.409648085,-0.3824592709,-0.1888510511,0.08309449023,1.116624764,0.6386306261,4.756515024,0.9543906501,2.991049089,-0.1417074182,-0.03306649128,0.1395627332,0.396986211,-0.7382026722,-0.6918324624,1.766224897,5.012859667,6.719547057,2.976558084,0.1128106912,1.069929658,4.113739749,1.077700358,2.589400005,-0.1095210553,0.07002337701,0.0804357607,-0.8607289635,-0.5798779708,-0.6055217198,-0.540724879,-0.3664284191,-0.04579412136,-0.0253567439,-0.3634678639,0.04251049967,-0.1233152775,0.06203609573,-0.03179700177,-0.198236341,-0.2183859358,-0.6163718564,-0.2640125915,0.08422651028,-0.03447075015,0.02559656674,-0.04278497247,-0.09525033907,0.8223976499,0.6880021082,-0.02908942186,-0.2205325746,0.1706176019,-0.4129699468,0.1816762941,-0.0374516434,0.01101650313,0.02156067197,-0.1179380527,-0.2134893466,-0.2097663695,-0.1021088513,0.02873004196,1.653077587,0.1031544937,0.4707325677,0.5408889238,0.2004400154,0.5412292601,0.5921988456,-0.1190425333,-0.06459255063,-0.2195755208,-0.3599569253,0.7438270227,-0.3676179619,-0.3112789088,-0.2026455747,0.473540477,0.6667519513,0.5036855468,0.5689316524,-0.1285323656,-0.2420433705,-0.1718521479,-0.2300467425,0.3468880853,-0.1577226034,-0.07667198883,-0.1323119185,-0.04011373289,0.01663526491,0.1590559695,-0.0128077126,0.4679975445,-0.02486697154,-0.1786167589,-0.457800161,-0.1217808859,-0.2196842524,-0.3547094317,0.06525584078,-0.1928763558,0.2136888986,0.2754407755,-0.001666659347,-0.1093683867,0.08968859891,-0.3570899662,0.08201057056,-0.1378344842,0.1323428068,0.05262489503,-0.1831634221,-0.2391111584,-0.5597897916,-0.2368912999,0.1191087089,0.02153793694,-0.008904477307,-0.08719856575,-0.1030389298,1.107438028,0.7555699738,0.08802747993,-0.09897456411,0.3426234848,-0.3283343236,0.05317293629,-0.04723134434,0.1748228598,0.0230268374,-0.1099523942,-0.2328411982,-0.2323620459,-0.1106119951,0.06864293796,1.527101516,0.1634269247,0.5346998524,0.650984039,0.2256751416,0.7008029633,0.6549503721,-0.1115129603,-0.07360588107,-0.03234050828,-0.2576505525,0.7205276026,-0.3838915621,-0.3564498615,-0.2115414163,0.4494079571,0.7324986972,0.8218745464,0.7134337426,-0.1122701893,-0.2571354331,-0.06197307577,-0.2275716527,0.1727343257,-0.2069963322,-0.1522946747,-0.1390271708,0.05887528549,0.2187041587,0.2696898367,-0.05388244209,0.7750408289,-0.02847382535,-0.2675272328,-0.5056843776,-0.2189055143,-0.1950668236,-0.339582613,0.1320543909,-0.2034876506,0.2831672326,0.2085013005,0.0853036383
DAT,0.320753783,-0.477202575,0.9306627834,0.04723408671,-0.1911847731,1.124392473,3.031972188,3.81513622,4.119810636,0.5639901633,-0.1213780323,0.4018011436,0.8058219901,1.13206957,-0.4436825194,4.061596155,1.254497927,2.942417018,-0.01583258759,0.3563886639,-0.5586625967,1.096759432,0.08214746352,-0.1694789675,0.929775645,2.976306493,4.164073729,3.655303101,0.6894152328,1.064845714,3.829855978,1.18261179,3.280780617,-0.4056727673,-0.09320450556,-1.269909364,-0.02152951232,-0.7784701277,-0.5551806802,-0.2201300244,0.7648598003,-0.5681190963,-0.3334068066,-0.4670705915,-0.07232899045,-0.7341220448,0.3418877227,0.3518681861,0.351870022,0.2878765442,0.03779260471,-0.04443201776,0.01155792062,-0.07621841654,-0.183445164,-0.40261307,-0.3613657885,0.872360839,0.6987241457,-0.5681485437,-0.4884272091,0.1276576542,0.08825756478,0.3649863951,-0.2284189083,-0.6732616457,-0.3189659177,-0.5616509157,-0.5229607119,-0.4752022334,-0.1108317283,-0.03631653811,2.333015708,0.31257898,-0.230391677,0.204402458,-0.1019341756,-0.1330129151,-0.2033451761,0.2582778946,0.2456857719,0.3704095903,-0.4126103633,0.1031496136,0.1343175216,0.0392600086,0.2344112415,0.772799553,0.7562927647,0.9100835822,0.4438916638,0.1738306,0.2495018213,0.1681660195,0.008282783486,-0.2959571519,0.02518121768,-0.1172917725,-0.04411247905,0.1082388451,0.3125296196,0.2876224409,-0.0452328478,0.8162397661,0.07417803877,0.170094514,0.35923109,0.02311984874,0.1633077695,0.04227947818,0.4130439653,0.2689000339,0.2106364825,0.1212011336,0.178377128,-0.5011872892,-0.1665181553,-0.5233802479,0.04359296747,-0.5884187941,0.3582383301,0.2947727444,0.2947409212,0.2711224906,0.03281868028,-0.09211002426,0.07092577673,-0.07099161191,-0.1264877025,-0.3651517651,-0.3976302279,1.039409964,0.7847701431,-0.299919058,-0.562930699,0.1431513726,0.04445909283,0.3349014718,-0.1618150854,-0.458892876,-0.2509408818,-0.6693347175,-0.4854925749,-0.4530234452,-0.2610362351,0.0381697522,2.247122037,0.3932344038,-0.09525488623,0.5280009704,-0.009751252783,-0.06379525552,-0.0501967189,0.3564323522,0.169058809,0.4598960485,-0.3385035911,0.1426599876,0.1875800663,0.08008883593,0.1688846794,0.976609506,0.8162948174,1.064243168,0.3877266787,0.2016847975,0.2901433384,0.03285386338,0.1265097495,-0.1828606433,0.004028905112,0.08182865445,0.04788980762,0.08544935204,0.2727693018,0.275433109,0.07473286259,1.405355344,0.176759465,0.1543279379,0.2966693115,0.04100256935,0.2390493294,0.04348688961,0.3719559176,0.2307471156,0.2751995286,0.269781704,0.2919243755
NET,0.007858584938,-1.360071007,-0.6748157026,-0.2966650104,-0.1548350188,1.574592823,-1.676501129,-0.1213345083,-0.03676215463,2.295568474,-0.3527485483,0.5290177384,-0.4002284541,-0.1510637239,-0.3393650436,0.1583595616,1.918082014,-0.1619171567,-1.795200023,0.09451827132,-1.490828329,-0.4211017352,-0.3009543468,-0.03954146027,1.510458586,-1.728721306,0.1060848734,0.03366026598,-0.3194312463,-0.09968808044,0.1187725085,1.909246091,0.07374250181,-1.722369493,-1.675744703,0.3035084609,-1.470575198,-1.661772222,-1.290124897,-1.27445934,-1.590390643,0.1298959114,0.4114177103,1.356142081,1.111861266,-0.5114229663,0.223946446,0.5527890072,0.9922415775,0.4558821379,-1.239393734,0.524607823,0.8004553607,0.4777896766,0.8844336692,0.2266253955,0.2582366379,0.5846038624,0.4077559,-0.02567893924,-0.05265468088,0.338536742,-0.1005800019,-0.6338062706,-0.02741358983,-0.683890793,0.01104929917,-0.05748432139,0.5781437209,0.8693666012,0.4052809629,-0.2196940194,0.1332431595,1.124587138,0.1841396748,-0.2878194955,0.8878915894,0.2810353028,0.4259623922,0.1725530677,0.2623778442,-0.1571125667,0.1605090952,-0.3513794685,0.1602810777,1.363096141,0.8355396149,-0.01116159883,0.2593388939,-0.151827499,-0.3129032691,0.2774727518,0.1834208362,0.369473479,0.1560047377,0.8146818642,0.409879534,0.6856746259,0.7176482262,0.2088954649,-0.4002758374,0.02995385026,0.6159758426,-0.1447535254,-0.1632457368,0.5820945256,-0.5445975769,0.6799407995,0.2622171964,0.45716737,0.07136189783,0.5237119615,-0.1440683686,0.3186502854,0.9587745499,0.05905324222,0.4348855248,1.538921719,1.254895581,-0.4219822296,0.409158123,0.7270065372,1.016995656,0.3853282197,-1.036638245,0.4219954878,1.028542488,0.669073278,0.8446854227,0.04802456795,0.1622228685,0.7943217639,0.6410102758,0.2994086612,-0.07546200649,0.3490393486,-0.03197462097,-0.9446749519,-0.03079494326,0.1879011474,0.4213079876,0.209746141,0.8057024071,0.8617250498,0.5024575347,-0.08698597629,0.1197435537,1.4592981,0.4266913368,-0.2014804305,1.265808821,0.5276287941,0.6662283442,0.4639742959,0.7354655439,0.5479175996,0.1689797554,-0.8466141751,-0.1026582605,1.209952515,0.7867955016,0.2880627911,0.4170298381,0.3505595771,-0.2208087294,0.0430290839,0.4934006036,0.6483972013,0.3739176204,0.8160993035,0.4008586727,0.3460773208,0.502727244,0.1706860569,0.02233417002,-0.003706608217,0.8457799253,-0.1160516033,0.1129282016,0.2135256315,-0.504678925,1.053842499,0.5921776147,0.5873425437,0.2080806729,0.4238844767,0.3007175583,0.4906746083,1.453372324
5HT1A,-0.0537166725,-0.7970456317,0.9084961373,-1.234056769,-1.087548356,-1.077014282,-1.21798745,-0.5927387961,-1.102879941,-0.87455087,-0.6344029937,-1.04874033,2.110742526,1.599727584,-0.9693034436,-0.2897383708,-0.7914279402,-0.1045354562,-1.045518831,-0.0661205997,-0.7950727916,1.647824643,-1.237506258,-1.111794591,-1.063256285,-1.217627376,-0.698269712,-1.137804849,1.967560485,1.494603329,-0.2668077883,-0.8875707361,-0.168694797,-0.9738362871,-1.219215266,-1.156580148,-0.9494215285,-1.081747189,-0.9860058165,-1.015740411,-0.8946731946,0.5514547172,0.2437889215,-0.01943848622,0.7010099739,0.5912903376,0.8821961431,0.4097479171,0.3305581319,0.6861613422,0.2154515532,0.1526568547,1.069439124,0.3024945909,0.3978236484,0.5316009255,0.5922460287,1.828505846,1.956168148,-0.2868587998,-0.3739113424,1.163322035,0.1362893164,2.005582877,0.2982660164,-0.03325875258,0.4337959606,0.1619223854,-0.1031105051,0.005513196957,0.6468279135,0.9196591829,0.5274341699,1.128722048,0.7104576685,1.80961619,0.9251600141,1.18565497,0.7290615282,0.3565248098,0.6241865345,0.1740814566,-0.4924678385,1.246773205,-0.3275184917,-0.03579480649,0.2688285726,0.938632918,1.354178873,0.7200851335,1.772275057,0.1138221222,0.3683601567,0.4232019206,0.4357229565,0.8854628622,0.2622553648,0.4274500982,0.3995496663,0.990929765,0.6677446225,1.000327566,0.6294327305,1.199488512,0.5932454549,0.1570292555,-0.4148754602,0.4341177157,0.468391021,0.1465442629,1.186829654,0.08795716479,1.300315039,1.121946349,0.7983898075,0.677499765,0.4262611783,-0.04706792307,0.6657951832,0.7366901754,1.040214551,0.58580209,0.4619477576,0.7744828124,0.2745230035,0.1763073463,1.091781562,0.4261463217,0.4804876633,0.6825185698,0.615098917,2.059386958,2.026939005,0.2815456247,-0.2595697068,1.200132051,0.186834916,1.763302407,0.3271525425,0.3839679795,0.5369621244,0.0991339175,-0.1112135308,0.06469348678,0.5946514863,0.9019456705,0.6979773988,1.134252858,0.8622970382,1.796092145,0.8795658631,1.296650973,0.9991993931,0.4087612167,0.748302309,0.2427194138,-0.3797239634,1.119294316,-0.2377397117,-0.1015404296,0.4017138173,1.048117385,1.230142032,0.7526285073,1.881032407,-0.1637398919,0.2174535599,0.6724749059,0.3253304539,0.8513311694,0.2892143238,0.5136835798,0.3909243918,0.6484913275,0.8950185986,1.247800254,0.5821514085,0.9551205501,0.6030077483,0.08111720696,-0.407734259,0.2713776573,0.4423391825,0.123391508,1.418347216,0.3055039608,1.336946587,1.028354054,0.7413032611
5HT1B,0.001669626215,-0.7475520048,-0.5790128473,-1.241714108,-1.175333534,-0.4511501292,-0.2927033948,0.6578191852,1.141071527,-0.08495354197,-0.8087332756,-0.9086920241,-0.6477670994,-0.003216563717,-0.8731861053,1.388422136,-0.001331240148,0.3386969646,-0.8715845463,0.01986201077,-0.8037633269,-0.4330903444,-1.2278659,-1.151699625,-0.4376897036,-0.3795465648,0.6570991913,1.283698267,-0.6234321355,-0.02394967053,1.332137507,0.02159053803,0.1299357792,-0.958343116,-1.228003566,-0.9021392148,-1.16244806,-1.205025499,-1.087996222,-1.135722554,-1.06961673,0.9264116246,0.3523050974,0.1666843488,0.8066260023,0.8171515261,0.8059943956,0.8571922954,0.5652697989,0.7747287521,-0.5468927761,1.106206996,1.386008276,0.6816076726,1.174069092,1.164666062,0.898714506,0.2700986898,0.8402915538,0.07473582307,-0.2744918124,0.3125770725,1.162897426,-0.7056835172,0.2157939444,0.1979251986,0.5630238141,0.3138659246,0.2491337618,0.6470066844,0.6285231569,0.5509501539,0.4296698674,1.006957027,0.089656795,-0.2084814321,0.9950900555,0.3773527533,0.3655050216,0.8048292569,1.082206518,-0.01826513233,0.2734361102,-0.2885411645,1.259202355,0.6160853333,0.2954942198,0.582909892,0.07109568052,0.1254555833,-0.29663313,0.4754016082,0.980474469,0.8060196491,0.7731384798,1.148229256,0.567262701,1.08564243,0.9616291364,0.6816100171,-0.1311448429,-0.09293823597,1.316758103,0.5459687605,0.7985375587,0.6046107842,-0.4657381277,0.3932913933,0.9863139479,0.5943894639,0.5541889785,0.3288388478,0.2451899434,0.676967978,0.8871116666,0.8122496385,0.4100902232,0.07718501442,0.5285425992,0.9361312189,0.8031371997,0.8856473677,0.5512798236,0.6821038037,-0.4808302109,1.077206965,1.246854021,0.7727915013,0.9898413897,1.2465841,0.8859461903,0.3248365188,0.9546190691,0.4330372137,0.04391480895,0.2805581329,1.060394464,-0.7357005186,0.1834673142,0.4481238149,0.4707492481,0.0988077737,0.2133620438,0.6170306971,0.5063011641,0.570418988,0.6124362473,1.012639387,0.03537276395,-0.1324542656,1.016473251,0.3532218712,0.4113651424,0.9363370762,1.286386501,0.1934727578,0.6373245878,-0.4522644187,0.5336117089,0.6503111122,0.3091553764,0.8262168311,0.04529021554,0.4224152824,-0.2027936223,-0.08024319125,0.9041376137,1.217041121,0.7800783282,0.9330189979,0.5115833427,0.9718403024,0.8653394816,0.4268780502,0.1269188097,-0.2137343145,1.30455695,0.6408011558,0.8192488853,0.2203049639,-0.6725300164,0.5328097404,1.07571104,0.5011093851,0.5831070627,0.3685376179,0.4387640363,0.6212402952,1.145964932
5HT2A,-0.3871219355,-0.4507255965,0.2529979156,-0.7138219886,-0.6435819281,-0.1374526618,-0.6250201014,-0.06413187146,-0.4049002607,-0.5296781792,-0.4288308668,-0.6688152198,0.0218967323,0.005757754143,-0.5660982898,0.2915092477,-0.6371447645,-0.4152057469,-0.1257412981,-0.4017248553,-0.4558673492,-0.07063680047,-0.7122810914,-0.6537495788,-0.1326675054,-0.641396338,-0.1346570816,-0.4274772057,-0.05121882819,-0.1277657081,-0.001852363975,-0.6338219547,-0.3933937053,-0.3185316357,-0.7367513912,-0.7593839765,-0.7593839765,-0.7553690357,-0.752262006,-0.7547127648,-0.7523146506,0.8093162089,0.8801186125,0.2876208154,0.8388128793,1.169283906,0.5836853755,0.5783204868,0.35899421,0.5371137521,0.660500533,0.9484704859,1.259571691,1.222188348,0.9873627198,1.015621678,0.9637714043,0.8311833773,0.9231350655,1.134846885,0.6617648568,0.9354363328,1.041942181,0.332863391,1.437683066,1.304411609,1.087729859,0.5687304601,0.327267871,0.6898539422,0.9132091306,0.850618832,-0.2046660792,1.124109013,1.378531628,0.6091301582,1.033637405,1.569606545,1.682876573,0.745469901,0.852861202,0.8336048782,0.808276024,1.084873732,0.8434136574,0.2476805896,0.6117683318,0.640638103,0.8949227577,0.79109026,0.8848609609,0.7154973991,0.4467338341,0.1334598717,0.3230584328,0.5705483679,0.683650248,0.5552280966,0.7937162101,1.037783128,0.9469951373,1.057821452,0.6832517574,0.7389254289,0.7231888622,0.7313708221,0.04798936874,0.3875761949,0.735800337,0.5444083503,0.8112799324,0.8399121082,0.8145735829,0.8680939916,1.395175991,0.9534210031,1.06192756,0.2079475427,0.921611606,1.17993922,0.6479824068,0.7029641918,0.4015773839,0.9523215715,0.895306614,1.038072304,1.067531751,1.107840877,0.8646385324,1.113399017,0.977964348,0.8290698786,0.6721558837,1.142668405,0.5297255778,0.9101468656,0.9318886933,0.2852912573,1.498362053,1.078677345,1.053210065,0.632162765,0.4936598392,0.6914930018,0.9309096845,1.236320516,0.01663092669,1.318501878,1.385197607,0.4724582979,1.38364348,1.229396205,1.436709797,0.4806693328,0.1690751993,0.7594798279,0.9853942767,0.9687703231,0.7408286132,0.1463369348,0.6312992085,0.8622567535,0.6740747666,0.6860673384,0.700362815,0.903237369,0.4236559331,0.6417358762,0.3928874116,0.5920325014,0.4398161703,0.7923721817,0.43198108,0.7255446606,0.7127353515,0.7143925715,0.6091884567,0.49288928,1.017034749,0.5870793568,0.2595908961,0.3528465426,0.854376219,0.2181869213,1.013446835,0.6520564779,0.6511770837,0.8925692538,1.436685875
5HT4,-0.3259911612,-0.2537258068,0.5079113192,-0.6517788159,-0.5803722933,0.4991713328,3.529580791,5.410942029,3.875249738,-0.108831704,-0.4483415431,-0.1799002018,0.9334052034,0.8189388104,-0.460117612,2.336453603,-0.2731540753,1.255024499,-0.4346987585,-0.3412270248,-0.234647147,0.3883221138,-0.6425645408,-0.5882213521,0.5018165384,3.126096813,5.102792669,4.268547319,0.8078199003,0.7563458998,2.711094937,-0.2319373282,1.476611368,-0.5447891348,-0.561368275,-0.6872344017,-0.6872344017,-0.6853960302,-0.6819173127,-0.6819776679,-0.6638528839,0.4524917276,0.4253821399,0.05466818657,0.5692283854,0.6888824187,0.3166023314,0.3080902477,0.1443354716,0.2539801879,0.412209734,0.3235880369,0.7339402487,0.7193260564,0.507324577,0.5229924889,0.4501772117,0.7734911644,0.816809027,0.7099084358,0.2992216276,0.5608523823,0.2949932568,0.6486695411,0.850578199,0.9580353486,0.8116053763,0.3370188502,0.08216496776,0.2584879634,0.5755232385,0.5263282858,0.1276924081,0.5950799745,1.145111266,0.6781748204,0.6790316416,1.178647742,1.270174678,0.3599834352,0.4005239292,0.4574286867,0.1398966316,0.9856106248,0.1685540206,-0.01075501149,0.3701331032,0.3938199303,0.7197086848,0.5370088394,0.6175705449,0.3244136969,0.1619849823,-0.0293291085,0.05373634716,0.4075613408,0.4005389447,0.2300743866,0.3845643501,0.6484548464,0.6915540859,0.6780819031,0.3760906171,0.535804528,0.3196382296,0.3930524413,-0.08502804201,0.2147356509,0.3354566422,0.1127623221,0.4948921512,0.5260228054,0.5977406452,0.6390997605,0.8713938001,0.5276326663,0.5644631258,0.0008963750123,0.6487798774,0.6775413386,0.4022065848,0.3783114825,0.1908918002,0.5319102603,0.7035222847,0.4035888622,0.5661905836,0.5944690407,0.4347880467,0.5537373872,0.4707104377,0.8494890353,0.5505143818,0.7624386188,0.2519822024,0.5505287825,0.2687965589,0.6295892727,0.8681285941,0.7654796299,0.8164688927,0.3860612328,0.1930575297,0.2507478843,0.5806408738,0.8532499012,0.5786323782,0.7053718424,1.104391248,0.5629646759,0.9257616008,0.9253677953,1.067671259,0.1570166089,-0.06528196114,0.4251398743,0.2512119525,0.8774970651,0.2061235189,-0.08229209345,0.3644020833,0.494044703,0.5340245637,0.4016179321,0.489606581,0.461872272,0.1326537265,0.2836542522,0.0731135817,0.381664433,0.214176257,0.4021082903,0.1897604843,0.4554838352,0.4834080873,0.4378258168,0.3069246153,0.6465748613,0.4221693538,0.2936332721,0.1033146596,0.204554446,0.3292044146,-0.09470304358,0.6724545569,0.3466750075,0.4792138435,0.6624431093,0.8029332271
5HT6,0.2237802897,-0.4441595289,-0.1549788102,-0.9378132371,-0.9320312349,-0.6686844136,2.112325639,2.837922406,1.63797165,-1.264752493,-1.139104805,-1.317734113,-0.3053892159,-0.005197222547,-1.450599647,1.735078323,-0.9515359858,1.114193926,-1.147822866,0.1778913988,-0.825961649,-0.2067800568,-0.9695059179,-0.8913031093,-0.7943668058,1.12294741,2.90563323,0.8736278638,-0.4876447509,-0.5080016475,0.8016197904,-0.9863346757,0.6017075201,-1.288978282,-0.7891579583,-2.323411245,-1.832537049,-1.846761387,-1.560302965,-1.132502519,-0.7367985612,-0.3104609412,0.4005868954,-0.1004669723,0.2795861094,-0.7695561047,0.6485770552,0.1937552483,-0.06671412815,0.5095204401,-1.021784039,0.9726791003,0.9385016522,0.2917659501,0.5001242608,0.2858443519,0.4228794911,0.8750116804,0.9420959827,0.05192131964,0.2475946213,0.5533627429,0.1708828364,-0.2264092324,-0.3097616468,-0.3465892368,-0.4451701421,0.161053569,-0.7027009457,-0.09402667532,0.7975012366,-0.155902818,0.204531311,0.9422365391,0.09847453704,0.5553494678,0.566496917,0.73059818,0.7000029481,0.6878000211,0.8053738481,0.2757928721,0.2874947461,0.3184224174,0.4249174752,0.2109558416,0.1747402923,0.8525200336,0.78088057,0.7642209618,0.7453694841,0.5473097219,0.6780775907,0.8366919094,0.60264161,0.9054054574,0.5780063517,0.7161311554,0.6075979421,0.9561479943,0.5769975219,0.5323188786,1.029115922,0.3820425156,0.3494613981,0.7191937634,-0.7490774806,0.4695426237,0.7007155995,0.3611219745,0.5960657493,0.4292305078,0.9105295292,1.037236326,0.8326552255,-0.3909220882,0.719885997,-0.1348291232,0.7313210526,-0.5482559933,0.9841308656,0.6957015994,0.2712757174,0.5388304027,-1.184249103,0.8447584642,1.039831874,0.8480092705,0.9177182505,0.3869353467,0.3959745898,1.111476086,0.9767660366,0.8055842394,0.2164266349,0.5839057269,-0.05553321655,-0.9084991546,-0.1842337628,0.8581326956,0.4784339611,0.3312266506,0.1059171514,0.3689888683,0.7704464652,-0.1569185947,-0.1142594381,0.8834516494,0.7308959286,0.1232639331,0.974020296,0.9843457944,1.17641354,0.4564363389,0.855048774,0.1837116881,0.4763528197,0.09322535907,0.411671406,-0.2071981451,0.3959952386,0.6309591906,0.7292939122,0.8904839131,0.7465680572,0.6234072342,0.4710625759,0.8291902102,0.4912291971,0.8362710039,0.1445697876,0.4053962803,0.4312376088,0.4786112038,0.4798187905,0.4882996387,0.8595988201,0.004942048198,0.3013910716,0.6380375686,-0.7585419858,-0.06518187167,0.5150060019,0.01959686717,0.7362051114,0.8625828115,0.6068798431,0.5453746849,0.835128707
5HTT,-0.298390664,-0.2075939832,0.4696076213,-0.4561773399,-0.4518031571,3.720689094,1.820747187,3.836509969,3.666399537,2.256817323,0.05484220773,2.430433912,0.8035672965,2.483617515,0.5388164311,2.833615687,0.995701844,2.278894385,-0.256701647,-0.2945831191,-0.2817860526,0.6848178221,-0.4268137819,-0.4516961228,3.716401509,1.300747099,3.830604704,3.407713813,0.6252852174,2.214489885,2.799587005,1.402300607,2.81633838,-0.3376395952,-0.4821946947,-0.5895609856,-0.5895609856,-0.5877648074,-0.5875235089,-0.5866813961,-0.5699864654,0.08653838109,0.1166480619,0.1912620297,0.3145630067,0.2671024515,0.2466841756,0.3824357864,0.3213690532,0.338584156,0.4445841622,0.5314577165,0.3231508529,0.3410382756,0.2061447086,0.1012604478,0.07964243514,1.18770333,0.9909521087,0.2048023836,0.2386687859,0.2873195218,0.5137666341,1.085941336,0.5286906789,0.09203746624,0.1970407493,-0.06259790867,0.13291121,0.07266364035,0.1780683283,0.366661727,0.997138077,0.6894148193,0.6312419468,1.107379372,0.236000326,0.1764464819,0.2779779927,0.2088669241,0.2181456598,0.7284340036,0.2129308912,0.7086843543,0.3906940499,0.07472464358,0.1593025545,0.6286221359,1.085765565,0.7110833711,0.3086737152,0.1708086435,-0.01136485169,-0.1733056696,-0.1720446168,-0.0982164282,-0.03080607399,0.02624998474,0.1253077325,0.3070807157,0.2098078536,0.555633779,0.01821966651,0.6652513192,0.06195262161,0.259221355,0.2322821632,-0.03315357328,0.0366293383,-0.08334589797,0.2787405951,0.1545944424,0.00202130942,0.1418364814,0.7074742777,0.07635075952,0.1060202033,0.2114245675,0.3634784609,0.1990046024,0.1744870351,0.3105139902,0.224126387,0.1196827855,0.5199664591,0.5544968721,0.1774633869,0.2399790652,0.1224887493,0.05668431466,0.04904950562,1.643036858,0.9877585004,0.1487565631,0.09379331183,0.2021246665,0.3653485287,1.208953651,0.5469258805,-0.002934973817,0.1849941119,-0.06304122084,0.1695519853,0.03998760872,0.07075061581,0.2869667459,0.9302305758,0.8459537557,0.677636161,1.071892554,0.3378476571,0.1069513871,0.2164836167,0.0558663885,-0.2248294643,0.6818942236,0.2403803867,0.776984289,0.5386523776,0.003745602353,0.2616679769,0.5647106093,1.007284393,0.5126580199,0.1540085093,0.22099856,-0.1159271103,-0.09145545394,-0.2104740005,-0.1511285358,-0.1802551588,-0.004224865349,-0.08570381349,0.04646240443,0.01726507073,0.3981465546,-0.10707914,0.8661290704,0.1487612107,0.2673644262,0.3491108205,-0.02019828583,-0.02171486279,-0.2167959517,0.4365570362,0.1453507034,-0.1736231476,0.09617341213,0.6876206068
a4b2,-0.1793508463,-0.7033453676,-0.4582760668,0.9799746211,1.164205012,4.543918545,0.1553213322,0.4638465652,0.3287293134,1.518615847,-0.2456776899,1.076375562,-0.2164666347,-0.3591176873,1.232656555,0.5658016208,2.064536626,-0.2304116504,-0.1380373787,-0.05776662793,-0.7513433917,-0.3796560239,0.9785423251,1.347737549,4.882322917,-0.06944815471,0.5603469533,0.2806368296,-0.1134802469,-0.4238503214,0.4325095517,2.166729771,-0.245117872,0.2454423788,-1.386030222,-1.168557229,-1.643636249,-1.035241628,-1.175077693,-1.511274898,-1.585063022,0.1251205363,-0.36156638,-0.3265181187,0.0224626832,0.08992270543,-0.08090001292,0.1870452225,0.200766907,0.02816493818,-1.450305612,-0.3535922325,0.3409875021,0.1741948619,0.5977365382,0.5517132417,0.2300706112,-0.2849307479,-0.1720266062,-0.2968062911,-0.4244242757,-0.1097240324,-0.7504459975,-0.7437794697,-0.08426415357,-0.3711102326,-0.2866633914,-0.1956190559,-0.2052232474,0.3264628653,-0.09116600597,-0.2832882838,-0.1323179694,-0.2163493957,-0.34808948,-0.8353579643,0.1155538759,-0.2291852934,-0.1000154777,0.0843765,0.1089131349,-0.1378399475,-0.5834451854,-0.6805288189,-0.4170026105,0.04062030352,0.01228573596,-0.03268115499,-0.2701239977,0.05208648769,-0.5314497258,-0.08292391196,0.1447483651,0.02104402163,0.1941062374,0.4616455794,-0.01745392646,0.03620414259,0.0007320552482,-0.2180985589,-0.4832253623,-0.1825775926,0.1688898947,-0.2878897762,-0.2079756934,-0.05900488234,-0.9036880214,-0.1130534124,0.1541515325,0.076466632,-0.1901183841,0.1355404137,-0.5134441235,-0.09271653569,-0.1979998044,0.1055134723,-0.1916453442,-0.1186785886,0.1222893693,0.0809921283,0.1038439836,0.3628213171,0.2250144837,0.04506266809,-1.148713068,-0.306166191,0.492824532,0.4689027319,0.6026020507,0.5197896501,0.2043215105,-0.09195632469,0.03285591491,0.01089192757,-0.1302414291,-0.01948844594,-0.580288249,-1.009158884,0.02964841602,0.1837076903,-0.07534889673,-0.05133945922,-0.0183464594,0.3911336308,0.03763651934,-0.1780621433,-0.1670597801,0.08061562968,-0.2382317008,-0.7191658549,0.2332755487,-0.001876299474,0.1137961945,0.2513775532,0.3975535562,0.1838168933,-0.2608059841,-0.8818365081,-0.3777179249,0.1877407214,0.02291360976,0.1082202137,-0.1593035229,0.2648591132,-0.384371582,-0.07727873377,0.2813065375,0.4321976956,0.2960596553,0.3404103563,0.01868238381,-0.121833561,0.0529843085,-0.07211861424,-0.1493704278,-0.119291285,0.3400947084,-0.3371921537,-0.07647891384,-0.08885066384,-0.8231693417,0.06010747678,0.3869738929,0.2584076376,-0.008847820327,0.128140333,-0.1508623997,0.1018533242,0.1871755936
M1,-0.1395683902,-0.6495910682,-0.3065921373,-1.609992211,-1.485317733,-1.129879246,1.27997411,2.083051012,-0.3920998607,-1.247298889,-1.14779225,-1.585422581,-0.2465359821,0.671951839,-1.263750582,2.443165034,-1.293634315,0.6377324234,-1.287819584,-0.08405239057,-0.7421955725,0.07317467493,-1.599056294,-1.445601925,-1.109841113,1.160946829,2.234162994,-0.2876856002,-0.235879882,0.8337941858,2.095364105,-1.285345004,0.3459064797,-1.30174289,-1.144872818,-1.480718244,-1.392557367,-1.510212486,-1.261524986,-1.241929682,-1.159273856,0.58461341,0.7322803455,0.2662867413,0.714510546,0.6803202228,0.5315197238,0.3096154777,0.3754117161,0.7712157851,-0.4717670325,0.9669988446,0.9738988032,0.6636764617,1.006362358,0.969294192,0.6531992809,0.8826537103,0.7979540492,0.8591185206,0.4576149811,0.6279177687,0.4703110161,0.01933760874,0.4481228574,0.5775214978,0.6186869946,0.5699568825,0.3088726078,0.5634978086,0.9164671819,0.6506963115,0.5471555294,0.9465166339,0.7909302554,0.4075671383,1.009858194,0.8921749218,1.029809455,0.01263513842,0.3836257329,-0.2708879172,0.7478950525,0.779827875,0.640200047,-0.06742360797,0.5108816813,0.4290642519,0.6367759995,0.1502337808,0.4744540608,0.3893133064,-0.1332571999,-0.09442922774,0.1248477385,1.105794695,0.5067504417,0.8065385664,0.7532648762,0.4282663726,-0.1316481133,0.445405542,0.2652859451,0.7276842663,0.3575621787,0.6907119033,-0.5576375171,0.3038060315,0.1692678065,-0.1413744109,0.5431196275,0.6618322097,-0.01596158468,0.6270697258,0.645675972,0.5760854769,0.9325587798,0.211117945,0.7670812183,0.7395349712,0.7141298221,0.5384823031,0.2927735194,0.6355456475,-0.2839051627,0.9358117134,1.136189484,0.9136081411,1.112731643,0.9966341228,0.672549309,1.13936606,0.9984769382,1.062744073,0.8057597333,0.7415956217,0.5922061744,-0.01528208836,0.6270407842,1.025518059,0.6870099949,0.6707074273,0.400925009,0.5573429467,0.8967683722,0.7544085515,0.6620830996,1.12629031,0.9324726565,0.5637858898,1.229214449,1.096099673,1.163805081,0.2761564756,0.535235665,0.2098794544,0.815162279,0.7681205202,0.4053537143,-0.2385338173,0.4120656941,0.5767795722,0.7981825045,0.6728514654,0.6813860607,0.1530486444,0.02959534833,0.6859768542,0.1798515591,0.9983882536,0.3575620205,0.5483672797,0.6510046366,0.639606367,0.253576741,0.4850093034,0.4474333354,0.5741269257,0.4486147448,0.2825170262,-0.6976956594,0.2213703542,0.2856690922,-0.01379744007,0.7296985223,0.4637898731,0.3396930753,0.5342713483,1.096703544
vAChT,-0.09551141818,-0.01513688732,0.3974844078,0.3220973723,0.3233930898,1.384456142,5.196465866,7.196125879,2.105673812,0.567758031,0.1989506931,0.2300407516,0.7278214225,1.30224175,0.07153647508,4.330004249,0.6701857558,3.186480127,-0.02018070572,-0.1041698211,-0.04614465707,0.5144531239,0.261592044,0.2607231642,1.43109496,4.995084761,7.104317763,3.030992523,0.7708929159,1.293232038,3.93368559,0.6835352448,3.014146392,0.02277909892,-0.5459394457,-0.03055493933,-0.9481935969,-0.890499686,-0.8578511089,-0.780037804,-0.6557156684,-0.1034593556,-0.3284108482,0.05760353327,0.1061015943,-0.1810644097,0.1277690553,0.3812527057,0.4469145596,0.2189436456,-0.2586152716,-0.2270131065,0.04279506034,-0.1796132251,-0.137853406,-0.1795936384,-0.09373402822,0.8802746299,0.4336044068,-0.3069343756,-0.3835573149,-0.1193403477,-0.2618736657,-0.0383155969,-0.1124112094,-0.3345015976,-0.1363279338,-0.2740434238,-0.1866504733,-0.07529047506,-0.08808920381,0.08254522667,1.620208156,0.5839412944,-0.0300564849,0.03669833312,0.03966788753,-0.2286795778,-0.2203785964,-0.02685529945,0.04184686323,0.1186367808,-0.455884438,-0.1521904642,-0.175320174,0.2648859974,0.06473390359,0.2100197934,0.6344253574,0.5887190559,-0.1041458855,-0.1901296827,-0.05213893299,-0.08208835768,-0.1273438376,-0.07284709191,-0.2294919991,-0.179291419,-0.1902335329,-0.1019021666,-0.126042854,-0.0922293619,-0.02977313319,0.5359162164,0.0130078364,-0.1512526471,-0.1483216402,-0.1145717742,-0.01516977997,0.01179434789,0.1141586585,-0.05078341844,-0.1111254733,-0.03588398783,0.2889941542,-0.1403408214,-0.2505814368,0.0364222091,0.1459089099,-0.1930604087,0.0999716662,0.341092318,0.4336029923,0.2084988155,-0.2318336188,-0.2136137998,-0.0130124964,-0.1710209241,-0.1312516481,-0.2248269386,-0.1494788625,0.6739070429,0.3378601691,-0.175275782,-0.3187495229,-0.1878365891,-0.226809351,-0.08902302806,-0.1132915334,-0.2228038533,-0.1671990249,-0.3693751027,-0.2296330819,-0.1178023499,-0.1288211553,0.09222752981,1.527610995,0.5337839647,-0.004167070738,0.2069900795,0.1036600126,-0.1686732421,-0.1394063191,-0.02781675507,-0.01923037209,0.3164836452,-0.3370944346,-0.2051208178,-0.2209100045,0.2394214534,0.03693820463,0.1970517118,0.6078580268,0.4798862777,-0.1463263635,-0.2719139157,-0.03568997878,-0.03307463427,-0.1121387615,-0.08203132587,-0.2397058488,-0.2183230599,-0.2183801251,-0.1838759426,-0.1144495945,-0.1011699848,0.02768432545,1.066741607,0.01588491146,-0.2261594872,-0.1701297322,-0.03874242245,0.002669134806,0.007163802125,0.1155088832,-0.0204409433,-0.08074159638,-0.01673826005,0.4604658833
NMDA,-0.09721246643,-0.8363153191,-0.002850334489,0.2043790102,0.406710399,1.393115238,0.8924459319,1.386587309,0.804495122,-0.9997517162,-0.4303550148,-0.06812444581,0.9835490005,0.4839198748,-0.4772751338,0.8580702746,0.05277489408,0.5386555523,0.1875387596,-0.03980120718,-0.8290827319,-0.4741805314,0.1567849404,0.3645150164,1.536329063,0.7886133223,1.313591918,0.9180172336,0.9811974526,0.4802694216,0.8450378663,0.06285894135,0.1808143872,0.1575862922,-1.465120419,-1.506502817,-1.174342159,-1.190066193,-1.368440693,-1.469632236,-1.001015352,-0.1871528335,0.3416883976,0.4536741055,0.4973522645,-0.8683114613,0.7053513783,0.6058858524,0.3920630324,0.993983262,0.3746719237,0.7841252313,0.5043322323,0.7022637193,0.1463406717,-0.04587846598,0.4736580434,1.179908261,1.177097924,-0.008308764437,0.1060238259,0.7224696413,0.6689372012,-0.06619603262,0.6878673955,-0.1497089795,-0.01579176653,0.3113455437,-0.06225536888,0.1931959625,0.9655927616,0.7128896112,0.4295852484,1.389681218,0.4525708206,0.6568409799,0.8452972354,0.6894538061,0.6479847631,0.530393773,0.7334889969,0.8919331495,0.1800485085,0.7248602853,0.5952542477,0.4924023173,0.6455590148,1.186453417,0.8131644851,1.103359885,0.7455270216,0.5126433439,0.6530540338,0.6054645757,0.5057610472,0.8030483738,0.670051921,0.513007627,0.8404757354,0.8568733674,0.5222891802,0.8133914814,0.5123606916,0.7978310561,0.9475740244,1.018735987,-0.2851522547,0.50850943,0.7666916114,0.5994878956,0.7591967006,0.5902830685,0.4810291376,0.7714097716,1.441892319,-0.09415482932,0.2524428699,0.3197304396,0.3331139404,-0.6556458995,0.7468304978,0.7519614444,0.4586068288,0.9737223422,0.6223257026,0.8540470242,0.4341367965,0.5789442779,0.2929728594,-0.03729185212,0.4645762078,1.201646324,1.057975594,-0.01538800058,-0.2395066779,0.5512680658,0.7186126485,-0.04729973668,0.6023386103,-0.08896729161,-0.1055184549,-0.142297716,-0.04510996664,0.07583748083,0.7911099183,0.85318851,0.7512796106,1.510135018,0.3872865086,0.7220179899,0.7181849682,0.4632418023,0.5721269734,0.6671974495,0.6896941897,1.107656602,0.2998289702,0.7249350884,0.5519620637,0.5224394764,0.6360487137,1.159277751,0.9948789097,1.095793807,0.6270389347,0.615235236,0.682975717,0.6226158017,0.5393406495,0.5895687581,0.5834705931,0.6070523073,0.7595445535,0.3410697576,0.6734823629,0.5662022962,0.6342024133,0.6913939085,0.9465924845,0.7877008485,-0.2333162183,0.5824423286,0.778838199,0.4174647195,0.4757268349,0.4143479524,0.7853876329,0.8774527272,1.438795565
mGluR5,-0.1334276081,-1.230600928,-0.63969034,-1.329524029,-1.206951745,-0.3512079572,0.227669653,1.068447963,-0.4868388806,-1.454542463,-1.333587345,-1.437471175,-0.04077731698,0.2036737618,-1.370852308,1.019578833,-1.005909154,-0.04840578042,-1.782660237,-0.1276278448,-1.216208057,-0.4725499865,-1.344834881,-1.251636874,-0.3056572027,0.2565680608,1.069711157,-0.4052459248,-0.05661419813,0.1035383866,0.8841267116,-0.9857826319,0.02977447223,-1.769592705,-1.776746874,-1.981920918,-1.521893448,-1.84299436,-1.597401579,-1.660352224,-1.469071674,0.6172867883,0.5163564879,0.06024035943,1.059564377,0.6136404075,1.121709986,0.9832747605,0.9075683362,1.340589865,0.01702263951,0.7081393741,1.186612611,0.72225048,0.9526539479,0.8228155074,0.6714383602,0.913357501,1.094928376,0.7946374816,0.2545031491,0.7530741009,0.479455417,0.1266646485,0.5833988966,0.6244582198,0.8434862128,0.3437764422,0.0682103728,0.2885113259,0.9620197409,0.9682537122,0.07034856062,1.188063322,0.81435334,0.3370478343,1.248048437,0.9095398683,1.025425754,0.7444686523,0.9288009622,0.341809087,0.2175098272,0.5515984614,0.2128314135,0.2014352344,0.7069063272,0.8116864259,0.6099474123,0.8055652437,0.3848119628,0.03362296918,0.6497417206,0.5269174732,0.5872473368,1.064835947,0.4839511934,0.536197027,0.5280739057,0.6143627582,0.008505494017,0.2607223015,0.5993712627,0.7023060069,0.5967092142,0.5157166182,-0.3040060833,0.3908534779,0.7699449383,0.4695716161,1.001867355,0.8547663374,0.3374133989,0.7826762243,1.072426115,0.6513848559,0.5805192791,-0.02887023928,1.035618951,0.7199932883,1.205677145,1.070301573,0.8785032356,1.316100865,0.2738839601,0.7388013817,1.247504185,0.8896802376,0.9586515527,0.7907547722,0.6355714211,1.106807745,1.187276101,0.9578241366,0.3411264041,0.6846144842,0.461417003,0.07727077818,0.5176150705,0.8238189491,0.8135054633,0.1281632993,0.04482130182,0.2254658133,0.8434012868,0.9510786858,0.3595956333,1.286755561,0.8885671851,0.3829105781,1.290177063,0.9465559817,1.129611025,0.7671360674,0.9812928757,0.6203589034,0.2528917122,0.5566960648,0.2117867688,0.169722652,0.6699764742,0.9131535521,0.6937941609,0.9048438455,0.479202118,-0.2666296072,0.5850007644,0.7700095274,0.4911733656,0.9372066337,0.3789372677,0.3970294697,0.4839040271,0.7457419752,0.3130229105,0.3765517863,0.6540406546,0.4401344675,0.5945849395,0.4290636895,-0.3126790418,0.4225877034,0.7751767032,0.3556507194,0.9463731389,0.9037461542,0.5080293138,0.8828085496,1.170797087
GABAA/BZ,0.339178562,-0.3073117452,0.1671741739,0.03987326455,-0.05807330469,-0.1867119763,-0.2370980964,0.4516727684,-0.2549006879,-0.5556112083,-0.5701660401,-1.024405848,0.3409366722,0.1710176588,-0.4374483804,0.7710570678,-0.7165336043,0.4159899345,-0.4148906563,0.2789934566,-0.2642919266,-0.04986453214,-0.1693301045,-0.07968594472,-0.2676921482,-0.1298829656,0.3182645943,-0.3381836447,0.1036434408,0.01571995749,0.4207929523,-0.6395882939,0.4305422187,-0.4393064165,-0.611315869,-1.152495381,-0.2982764521,0.1060566793,0.2404634556,-0.2709772442,-0.606321476,0.6567837642,0.8548461111,0.2813567919,0.327144448,0.4480113734,0.5193302876,0.367988094,0.07765968782,0.4499001854,0.3178907813,1.223762289,0.3391926031,0.1946004753,0.07404026109,0.2998421811,0.4552986887,0.4613992185,0.2789092125,0.4822066508,0.4816569374,0.6187375452,1.117329685,-0.1458164733,0.3421558685,0.4869507083,0.4709809499,0.4587348766,0.1930239544,0.1997714662,0.5673212045,0.549481421,-0.1659778698,0.8941007168,0.3298622359,0.3942357684,0.5919101253,0.533554359,0.4892808066,0.6430075265,1.209693686,0.5626671916,0.8613580657,0.2757415926,1.08775278,0.5165791528,0.1662269791,0.3101997997,0.5625597977,0.515072307,0.6189312679,1.229279943,0.5527863562,0.7595728001,0.5392925243,0.7804377875,0.5108993359,0.7948142087,0.5778467795,0.7841804329,1.177882477,1.140631914,0.6262673807,0.8361769263,0.3979501961,0.8436915173,0.3669418919,0.4407295043,0.8091660063,0.4812711427,0.9166518812,0.5611624578,0.7999481829,0.633145462,1.220530288,0.6038169054,0.7994381396,0.1617493907,0.4904572501,0.4518507627,0.166976156,0.3766433561,-0.08346503541,-0.06836793676,0.3082213924,1.113251473,0.3240022419,0.3692776749,0.1811285365,0.3024371483,0.3081154693,0.7569388749,0.6420357656,0.698646285,0.2286532804,0.5078579346,0.8093493423,-0.3576359168,0.5911645471,0.4348493399,0.3603605053,0.2914248352,0.1675891978,0.1515524488,0.3618777845,0.2413916991,-0.2631751165,1.010380983,0.4362684438,0.1804791582,0.7340084402,0.4203476055,0.4343691151,0.1915396461,0.8083973219,0.6218219114,0.8684899679,0.1701258246,1.162327906,0.4305070213,0.2332253261,0.8816081562,0.3364552591,0.6514542764,0.5729568931,1.360457548,0.5147363704,0.6393121557,0.4364966895,0.2137876194,0.3697388742,0.7304509083,0.4747980782,0.5276775614,0.6000666245,0.6659631235,0.8991310015,0.5208545321,0.6642821817,0.7275873682,0.4947994303,0.3601965064,0.7803962351,0.3711016948,0.8782051473,0.4567892239,0.7510755253,0.5848033206,1.108805046
H3,-0.2534343508,-0.4130448881,-0.5621967298,-0.9086993034,-0.2716701264,0.07809577382,2.309319006,5.030115024,3.774731286,0.8680180097,-0.7695469755,-1.045456832,-0.3563726089,0.3989263926,-0.4888893047,4.172759636,0.8330196729,5.69701688,-1.0005941,-0.1827922972,-0.4176503973,-0.1106369045,-0.9140640881,-0.2244384826,0.3090653127,1.987211542,4.766376243,3.433127115,-0.1736327391,1.502243485,5.585418806,0.9701878459,3.674021435,-1.009996984,-0.8744995846,0.7263792026,-1.596805035,-1.360362034,-1.120781571,-0.9459888724,-0.7113379435,0.1445860835,-0.1926780224,0.2612378949,0.5632573434,0.282688832,1.315720501,0.8946159601,0.6444861422,0.330238044,-0.480247768,0.0001748675819,0.8897491502,0.4061031534,0.5378797147,0.6471247117,0.8663121475,0.8553810518,1.293483456,-0.05370028433,-0.4285730529,0.05876244485,-0.3457803105,-0.2515943049,0.3674907255,-0.1482101172,0.0807847508,-0.04792429074,-0.01490287003,0.4699377955,0.4083055881,0.6809650821,2.838707399,0.6919971788,0.2176584567,0.2484992634,0.3209560777,-0.01002438587,0.09401702711,-0.1940852033,0.2669769649,-0.4937767091,-0.1807348959,-0.09626525657,-0.1437220029,-0.2585124757,0.3510768511,0.6232935217,0.5259500286,0.4401429082,-0.304938733,-0.1117328321,-0.3382016224,-0.2152865533,0.03826796536,0.4356911813,-0.3048391826,-0.2371573242,-0.2556203911,-0.4058702976,-0.6259897785,-0.09198185439,-0.02524244969,1.091366668,0.05166466647,0.2481427342,-0.4478652309,-0.2714512395,-0.1590489843,-0.1338486246,0.848172654,0.2508457203,-0.6834491107,-0.1503450415,0.1687213558,0.2667268973,-0.1612467297,0.31483509,0.5650747992,0.2923975808,1.542498721,1.468806223,0.5821696049,0.1916965735,-0.4318746935,0.06540796151,1.079626223,0.5789503041,0.6992588157,0.6205684412,0.8281334168,1.524263424,1.35357802,0.04922904234,-0.2370810493,0.1570624091,-0.1441822362,-0.1062193309,0.4211322185,0.2668880282,0.1970370117,0.04584351184,0.1994033051,0.5445197063,0.352823437,0.5843892066,2.944710856,0.9066853671,0.3074691591,0.5645560881,0.6953182526,0.08904830778,0.2153210588,0.07692925146,0.5099952294,-0.01115714781,-0.1653626479,-0.2915483743,-0.1833368718,-0.3219184846,0.3179898691,0.767594746,0.8768137752,0.9872299197,-0.2465475749,-0.2385022964,-0.0567104334,0.4611827515,0.2082566262,0.2136464814,-0.3954308548,-0.4663056281,-0.3568144926,-0.2218400069,-0.5141016795,-0.07355624243,0.1241308463,2.494919584,0.2528462808,-0.07890407286,-0.3854445597,-0.2165355935,0.07848204522,-0.05335869689,0.863514522,0.07474349678,-0.5536250707,-0.2237966368,0.7277552102
CB1,-0.2784433712,-1.266886738,0.3846290516,-0.5169952443,0.1092229665,-1.295089688,-0.6117936621,1.45646909,2.055178589,-0.9014031207,-1.332223853,-1.771138243,0.4050246848,1.150310416,-1.847517153,0.8662857052,-0.3203804261,1.167648789,-1.803179493,-0.3270451278,-1.441130454,0.7960474358,-0.5592862772,0.1647367632,-1.188141582,-0.8246701415,1.61919868,1.99701512,0.4506809558,1.015498802,0.9542970555,-0.2878101777,0.9290389895,-1.899777801,-1.898100648,-1.627413761,-2.117614895,-2.618139588,-2.253367748,-2.122735832,-1.497214598,1.063847344,0.1719709399,-0.09360415319,1.072823232,1.045019552,0.8717827084,0.5780381025,0.448178137,0.3147457394,-1.20908217,-0.4247623696,1.225075715,0.9299125264,1.379145849,1.251074044,0.6709763612,1.128488982,1.480631992,0.441084819,-0.01461677018,0.5845395929,-0.5945718946,0.1398111531,0.8970658704,0.7045783791,0.9160737182,0.1696724859,0.3524366409,0.6579460497,0.4618947304,0.8172368888,0.5944962556,0.2643241254,1.177189823,1.000353117,1.102845474,0.789623708,1.14323413,0.1968425069,0.5387730972,-0.9259044074,-0.1494006243,1.2660992,-0.8463452159,-0.4733894335,0.3710254194,0.7870526411,0.6071418014,0.1591899154,0.6311678728,-0.1022607385,-0.07770029793,0.3213464289,0.09674854384,1.44419454,-0.09555657117,0.2010300419,0.0718030071,-0.1874128566,-0.2432586394,0.1588452659,0.936667257,1.053607645,0.3835300242,-0.09047215036,-0.9505779011,0.01363123155,-0.1758562404,-0.4661306474,1.025507076,0.2971063439,0.0112343613,0.4473123891,-0.05202068177,0.8270203624,0.03558132179,-0.2169844462,0.8212164388,0.961900351,1.377238392,0.9589559884,0.4300810116,0.1627603876,-1.025085152,-0.3261855348,1.13352423,0.7658183432,0.9029282091,1.003944553,0.6085073752,1.546563318,1.581302392,0.3466013383,0.04701350831,0.6608231147,-0.576475045,-0.1060911933,0.7193005844,0.7847175037,0.6380906649,0.05830303833,0.1434250536,0.330465225,0.3611483843,0.8848807885,0.6424236847,0.5745035713,0.9038130723,1.006340761,0.9366245467,0.8465498004,1.021061519,0.1040311703,0.5365936139,-0.6003499149,-0.3632999151,0.8945895849,-0.9339433881,-0.703896811,0.1802371147,0.7339813035,0.6988033824,0.6854307082,0.6841136997,-0.5264654678,-0.1335257088,0.8485287267,0.07523637524,0.6906716017,-0.3606406128,-0.3286085727,-0.1952228038,-0.07002220411,0.0962128497,0.2240665792,0.5175518969,0.785705803,0.4306317132,-0.4782629174,-0.9986004552,-0.4150167478,-0.03150137685,-0.4163671887,1.422129936,0.09469429593,0.196696869,0.1521662532,0.2834596458
MOR,-0.3013818446,-0.5930954382,-0.06456382938,-0.3271521327,0.3476396472,2.549784352,1.752666285,1.968101189,0.338327757,1.166718509,-0.1931633664,-0.6912894708,-0.3584689382,2.338987829,1.004411572,3.983545642,-0.0360541548,0.7763297111,-0.09710009401,-0.2994577756,-0.5344948264,-0.02366684655,-0.3516510063,0.3073432482,2.800709173,1.87182711,2.010528402,0.4879156589,-0.4562892894,2.249036977,3.9771172,-0.0009541125775,0.8016006947,-0.1983191132,-1.188063892,-0.6494759889,-1.313222139,-1.262870134,-1.18865707,-1.223528704,-0.8983038827,0.7272269404,-0.6492965586,-0.2592007911,0.4906258788,0.2823093075,1.475304078,1.274769106,0.8224056961,0.5159554793,-0.7341072363,-1.12335785,0.9342155068,0.6479605611,0.7575025724,0.8411299077,0.8302851158,1.086020737,1.344348945,-0.5031197473,-1.054595997,0.1224215709,-1.113624615,0.1724288288,0.7568990654,0.1311993711,0.5390483901,-0.02268054157,-0.4133821798,0.1715916141,0.2847198822,1.128163279,1.599549681,-0.05808462308,0.5212748854,0.846300502,0.5175875188,0.714230792,0.6674425881,0.3470386333,0.6871539962,-0.1721564847,-1.314323666,0.9733045793,-1.083883495,-0.5179363931,0.4479768922,1.173431813,0.6455920905,0.8796632583,0.5527247809,-0.9732898678,0.529431746,0.7547361733,0.6501935827,0.8268081177,-0.07515899144,-0.7046522959,-0.6732239304,-0.1894257682,0.04148309354,-0.2557150649,0.8146162345,1.237861776,0.9561463619,-0.4963576925,-0.5565858515,0.09950662859,0.5689998949,0.2925719257,1.045606557,0.2108370002,0.3317597221,0.5011810401,-0.2851359833,0.8022381743,-0.6429620837,-0.3624124574,0.3313705191,0.436691507,1.401823713,1.289509227,0.8207368952,0.53002063,-0.4798652008,-1.093151246,0.8161633473,0.6649439869,0.5109303282,0.7677028182,0.8510038188,1.202970771,1.326275949,-0.2708468298,-0.8284074112,0.1595603759,-1.025612514,0.2580594876,0.6697304033,0.3068800236,0.4227047762,-0.0828475472,-0.5355847864,0.02977911504,0.2430904039,1.30670453,1.899957871,-0.1788210274,0.2888638607,0.9438215447,0.2860679048,0.679142721,0.5906358407,0.3765404169,0.6475234245,0.1667892647,-1.284565106,0.9005047444,-1.018711686,-0.5605707802,0.4529136864,1.291679587,0.633264912,1.002409329,0.5547798214,-1.082695415,0.4878837987,1.017180425,0.6651712603,0.7522519775,-0.02660090684,-0.7973948477,-0.5673280678,0.06002330886,0.3006056447,-0.1909093366,0.9163683726,1.408842717,0.9908580995,-0.526500114,-0.5597670063,0.0713926705,0.5633326691,0.2758888106,0.9822695484,0.252004156,0.4613313784,0.5911592649,-0.4134995848
