,D1,D2,DAT,NET,5HT1A,5HT1B,5HT2A,5HT4,5HT6,5HTT,a4b2,M1,vAChT,NMDA,mGluR5,GABAA/BZ,H3,CB1,MOR
Left-Cerebellum-Cortex,-0.01969135944,-0.4479735842,-0.492243227,-0.1047474916,-0.2715730125,-0.1515085485,-0.700978128,-0.6183757506,1.274013799,-0.4721112304,1.350854586,-0.5077874803,0.2778818199,0.3600795347,0.5147473007,-0.1051355881,-0.2521986421,0.5706362583,0.3138071336
Left-Thalamus-Proper,-0.6353069097,-0.08695070243,0.5192016747,1.766540089,-0.3874358956,-0.7205596739,-0.2060276687,0.4906628813,-0.7021708173,3.721393445,4.906396173,-0.6786393817,1.373610962,1.507184112,-0.698645109,-0.3258422854,0.1709687158,-0.5576673773,2.656547587
Left-Caudate,-0.1592596725,1.142337314,3.795154538,-1.742622688,0.643480332,-0.4636363286,-0.6677514977,3.463850392,-0.1933048798,1.633676062,0.03797276794,-0.7442741086,5.399590355,0.8504958367,-0.7266871008,-0.1547925509,2.230325144,-0.9409151008,1.997341091
Left-Putamen,-0.1132803229,0.1500142193,4.000661835,0.01425614433,-0.2176188365,-0.6392933281,-0.1814655937,5.248270954,-0.4855758561,3.794332178,0.5562236223,0.2379355321,7.384487717,1.321931849,-0.616783212,0.2913435169,4.531065712,-1.032545312,1.908349584
Left-Pallidum,-0.2265578863,-0.07829598477,2.343834986,0.03450725539,0.05891350463,-0.7676515619,-0.4854141973,4.079129518,-0.648741214,3.499874118,0.336424241,-0.6570490027,2.599886952,0.6762506695,-0.5531990172,-0.4218968992,2.741729963,-0.8781375903,0.01609231385
Left-Hippocampus,-0.4931234296,-0.436176896,0.4848059959,-0.4284067421,-0.5191852781,-0.1228698047,-0.08354758538,0.8780798637,-0.06529450082,0.6542777033,-0.1796426315,-0.6312425488,0.7661905008,0.8350769076,-0.5306051825,0.08502951505,-0.2100360776,-0.1111045372,-0.5509082275
Left-Amygdala,-0.3812218109,-0.3364351028,0.9439790125,-0.2753417569,-0.2093463657,-0.7302701199,-0.1428037821,0.7482859504,-0.2493127159,2.173807267,-0.437634742,-0.749215907,1.346268123,0.4005300949,-0.9285066837,-0.01225568264,1.161758306,-1.044955605,2.201338402
Left-Accumbens-area,-0.08868113511,0.7028896781,3.200988176,0.3534958258,0.2890377754,-0.6019982522,0.02006225619,2.703655924,-0.5766377901,2.949057087,0.5393016509,-0.759440743,4.584058377,0.9833256496,-0.7035687536,0.508410096,5.79098522,-1.136479245,4.416681488
Left-VentralDC,-0.4564622519,-0.4986834612,0.7409137218,1.81918061,-0.1705308251,-0.0674017141,-0.7023101498,-0.315611327,-0.5666092832,1.065305782,2.214116989,-0.6647735439,0.6830676113,-0.03463386853,-0.7777245765,-0.7203047309,0.9041071987,-0.8641680592,-0.09922216539
Right-Cerebellum-Cortex,-0.4087300964,-0.8662254929,-0.4857716031,-0.2252933146,0.4836384242,1.062124689,-0.7008540943,-0.6172830675,0.3341081069,-0.4786041277,1.183450679,0.2080464473,0.3078139287,0.3770554179,1.065792161,-0.07476276391,-0.3006621094,0.6030050815,0.3404822653
Right-Thalamus-Proper,-0.536888848,1.240113179,0.619446932,1.803285978,-0.3167973555,-0.5163429992,-0.1238512908,0.5630134157,-0.7079186619,3.929471951,4.854622793,-0.7010377546,1.44668392,1.591278345,-0.8989330589,-0.1850840711,0.06423548252,-1.599584122,2.879279656
Right-Caudate,-0.6300170803,2.393967482,3.3788007,-1.860457714,0.003645835358,-0.4694335706,-0.6963696572,3.181612981,-0.4025003997,1.496657352,-0.1312147932,-0.6520858141,4.823271582,0.7779819347,-0.6778646928,-0.2822611245,2.144054347,-1.246026394,1.553960531
Right-Putamen,-0.6478035185,1.493797475,4.449353262,-0.1670657231,-0.684430999,-0.4899548064,-0.03770543282,5.520545139,-0.8132090516,4.021986189,0.4695965183,-0.7417800318,7.455013333,1.437492493,0.9300219976,0.455572075,5.058905825,-1.614724167,2.020827051
Right-Pallidum,-0.6858553694,1.333607944,2.858683341,-0.1108108893,-0.5945128899,-0.4901136965,-0.374093636,4.583368971,-0.4364040764,3.959038226,0.2747752273,-0.7287025613,2.446145523,0.8084875565,0.182089972,-0.2358941211,4.136325256,-1.620143256,0.2248521679
Right-Hippocampus,-0.7106594403,0.5797804903,0.6702928876,-0.5026902609,-0.4507085173,-0.2592726852,0.05320381364,0.9584777277,-0.3272180208,0.8646485977,-0.07563574853,-0.5024215152,0.7878511247,1.113201872,0.909758281,0.2989884495,-0.447299148,-0.7963832837,-0.3963326591
Right-Amygdala,-0.4891016864,-0.1553342642,1.183202853,-0.2553641503,-0.6265865623,-0.2692629307,0.02993753951,0.8381665137,-0.8259198929,2.550672783,-0.3855156242,-0.7518280793,1.365766649,0.475113231,1.167586059,0.1086548746,0.5224863208,-0.4480350325,2.28134454
Right-Accumbens-area,-0.5245034176,0.8270279701,3.511107854,0.1036084878,-0.6293984158,-0.4835608658,0.297027434,2.268418941,-0.9334495007,2.574794146,0.4188834918,-0.6423860482,4.103772161,0.8212552438,-0.5019584724,0.6804328087,3.892060217,-1.235424562,4.008067428
Right-VentralDC,-0.6155878698,-0.02790195603,0.7643890174,2.046266015,0.06293148414,-0.1566445567,-0.6838552959,-0.3021469443,-0.6821911503,1.13205386,2.226114728,-0.7374574898,0.7556308775,0.05344605222,-0.6997117525,-0.7618958532,0.7824002599,-1.357482579,0.01035248087
ctx_lh_G_and_S_frontomargin,1.756461401,-0.8027371304,-0.2541299271,0.4519033624,0.5420770582,-0.1558256718,0.9421231981,0.5018134781,-0.2450909364,0.07988738193,0.2486493141,1.611122727,-0.09526806823,0.23272326,0.7731380444,0.5887772774,0.3470294055,0.7343018084,1.067738544
ctx_lh_G_and_S_occipital_inf,-0.3972506737,-0.4882892949,-0.2857608431,0.3735895601,0.7054744509,1.372083076,0.7959378549,0.3309094875,0.2303848856,-0.001047284576,-0.2126943457,-0.5359385305,-0.3071306688,0.423789209,0.7064827119,0.7547801453,-0.2165747256,0.372370505,-0.7355182931
ctx_lh_G_and_S_paracentral,-0.1268815505,-0.2673225705,-0.3151484917,1.683479963,-0.5686814354,-0.04127160381,0.06028181119,-0.1080024313,-0.1072183138,0.04545688748,-0.1312999031,-0.3795720206,0.0320510479,0.2417256711,-0.1415547461,0.1818560074,0.3266885864,1.619065454,-0.3140755119
ctx_lh_G_and_S_subcentral,1.566321995,-0.7229322418,-0.1093814038,1.412652018,-0.2433262183,0.3053587283,0.7922123114,0.5444910295,-0.5736583671,0.1996313772,0.1227139539,1.103921343,0.1725311262,0.7035431047,-0.7220748759,0.1940441999,0.6159359227,-0.15503406,0.5392670302
ctx_lh_G_and_S_transv_frontopol,1.834534055,-0.9128218479,-0.2316885425,0.02116755461,0.04040530609,0.009099316058,1.274874427,0.7115137241,-0.6004784981,0.2265371859,0.1780465813,1.611122727,-0.1534325775,-0.1699986551,0.7734261155,0.5981728268,0.4220413844,0.8121780537,0.9604162501
ctx_lh_G_and_S_cingul-Ant,-0.5607401001,0.8358108058,0.2414938365,0.2907866884,-0.4811281655,-0.4312279316,0.2839836351,0.1280474243,-0.2153550164,0.07272873115,0.005180384841,0.5042814083,0.05990165446,0.5700216206,-0.6885176085,0.1261247937,1.559985322,-0.4939286924,1.38602724
ctx_lh_G_and_S_cingul-Mid-Ant,-0.4847691216,1.958971762,-0.1145803404,0.6562988436,-0.3150071473,-0.415929259,0.6215883135,0.3291661323,-0.8777538632,0.3010457251,0.2891506962,-0.599281707,0.3275266424,0.3876789072,-0.9622099453,0.4094565003,1.256653564,-1.333240202,1.161672969
ctx_lh_G_and_S_cingul-Mid-Post,-0.3881746458,1.385687115,-0.6231323106,0.8692422987,-0.2973185877,-0.5426931947,0.5725418243,0.3144742141,-0.445360309,0.4016509402,0.1384350872,-0.6210364773,0.4010499875,0.2944467293,-0.5968493993,0.1907573945,0.4225668926,0.7583838381,0.7678707522
ctx_lh_G_cingul-Post-dorsal,-0.298588675,0.6520133957,-0.506716782,0.2292897533,0.1862867764,-0.4521578447,0.8983920801,0.4712847281,-0.6151072041,0.1995949721,0.03054020302,-0.6263179318,0.1977415238,0.9943911422,-0.8249559866,0.1561200723,0.1251039049,1.482339996,0.4579608288
ctx_lh_G_cingul-Post-ventral,-0.1082490819,-0.5721162729,-0.6923778754,-1.446288068,-0.5736467591,-0.6530476093,0.5710879297,0.4359837154,-0.02950407174,0.3289033053,-1.358307389,-0.6512966432,-0.3011386756,0.3425039435,0.6351439074,-0.03710982099,-0.570425514,0.2215171038,-0.7747513746
ctx_lh_G_cuneus,0.1162413595,-0.8423071054,-0.366338852,0.4955716941,-0.4663170289,-0.05638927901,0.6860194021,0.1384997869,0.04970550764,0.2630295047,-0.4127845125,0.5282926182,-0.2862147709,0.4035568391,0.05166387429,0.9208811412,0.0672105795,-0.2705306922,-1.270455993
ctx_lh_G_front_inf-Opercular,0.7217892907,-0.003484902779,0.239712359,1.051187879,-0.6840109671,1.081170015,0.9532018455,0.4807942184,0.0137691613,0.1130681368,0.5052690072,1.611122727,0.01202633994,0.7200703358,-0.1135877286,0.1987896547,1.022893953,0.1427914419,1.021111192
ctx_lh_G_front_inf-Orbital,1.603786188,0.01571698368,-0.05949141179,0.5035149814,-0.2622614612,1.366579189,1.110866467,0.5771423781,0.387696325,0.2421726465,0.3487021371,1.611122727,-0.2061152207,0.6923420592,0.7734261155,0.1570362921,0.7088655861,1.431407991,0.9036545578
ctx_lh_G_front_inf-Triangul,1.464601297,-0.1203709121,-0.1321063787,0.9611013862,-0.4818825345,1.496538893,0.8234680931,0.3934543547,-0.1006927335,0.0720119062,0.6475800598,1.611122727,-0.1260056221,0.5490695119,0.7602462225,0.1049652499,0.7392453414,1.27864089,0.8996001082
ctx_lh_G_front_middle,0.040701502,0.2860573618,-0.1210970627,0.3634150706,0.6611923872,-0.07840282238,0.8677036602,0.3705808361,-0.5524894118,-0.04432941728,0.4271714397,1.209441971,-0.2223763373,0.2665131797,0.2275730865,0.2578910537,0.6923120346,0.189287786,0.9732968439
ctx_lh_G_front_sup,-0.1697188413,0.3208526704,-0.2593408398,0.3806389659,0.9987151284,-0.5045821122,0.8686002402,0.3812898436,-0.621770294,0.01745246692,0.1922577173,0.06713049932,-0.1145213647,0.6161097501,0.1158673159,0.3902018023,0.8986974861,0.2500518754,0.9039227502
ctx_lh_G_Ins_lg_and_S_cent_ins,0.8086825186,-0.3367780005,1.567701577,0.7651904564,-0.5859670688,-0.5442841276,0.5134700821,0.5366555473,-1.10602585,1.113227066,-0.1042449289,0.1703544375,0.7488392961,1.046959779,-0.6639277186,0.425160834,1.160561144,-0.9743513866,1.076178353
ctx_lh_G_insular_short,0.6245645007,0.2636194203,2.11054752,0.5931342043,-0.4828592049,-0.3830943205,0.7620196608,0.6199039869,-0.1036601707,0.9712534821,-0.03195607614,1.531512535,0.4155613384,1.101357764,-0.8632762691,0.6899675941,1.368003485,-0.842405882,1.279794628
ctx_lh_G_occipital_middle,-0.7081983033,-0.8042782145,-0.2816643155,0.2503956225,1.876391472,2.004741769,0.9687119135,0.5642067051,0.5221414184,0.08772294267,-0.1439064795,0.2862149905,-0.2903681411,0.002560452982,0.8923856215,0.3941219536,-0.1291073252,0.4019874282,-0.4514074601
ctx_lh_G_occipital_sup,0.2441194056,-0.4997139208,-0.3652470469,-0.04659590946,-0.4000946796,1.905552149,0.4021079837,0.09728755261,0.07717542183,0.02053229259,-0.5956819527,2.185356746,-0.3828268509,-0.2847317449,0.8282854938,0.08336709451,-0.4082733417,0.5289038938,-1.128986845
ctx_lh_G_oc-temp_lat-fusifor,-0.3375473262,-0.01679421756,-0.2615601867,0.3647217599,-0.5082613561,-0.01490590554,0.762692494,0.4072658059,0.4080499604,0.1140323765,0.005337800079,-0.593569411,-0.1732831676,0.6518528114,1.012368261,0.5704140551,0.1424637801,0.1467045631,0.03527133263
ctx_lh_G_oc-temp_med-Lingual,-0.3916996269,-0.6807659413,-0.5545646424,-0.2357195105,-0.5683680861,-0.1269930485,0.7855335313,0.1259772188,-0.2267925884,0.2577529251,-0.8092767936,-0.1786806409,-0.3323354929,0.3323905571,-0.1123021629,0.6567405133,-0.2834019567,0.2852285805,-1.201313367
ctx_lh_G_oc-temp_med-Parahip,0.01128995872,-0.4529696338,0.04297897658,-1.021572138,-0.0166325736,-0.5373685104,0.2460091523,0.5392898263,0.5067626742,1.014285914,-0.9114416008,-0.591629287,-0.04292321857,-0.1319306443,-0.2848458352,-0.3354570358,-0.03111027345,-0.07277530964,0.08839793767
ctx_lh_G_orbital,1.188690326,-0.4602133211,0.005065694232,-0.04461447762,1.271693216,-0.6311375496,1.358350768,0.7567664395,0.1161564358,0.4309512898,0.01118832241,1.506191123,-0.07369785305,0.6471459427,0.1997575412,0.4261422669,0.5899103194,1.297223523,0.9638009319
ctx_lh_G_pariet_inf-Angular,-0.06061957207,-0.352428915,-0.3063907245,0.2399166278,0.01081589242,2.533499925,1.011006414,0.6773860552,1.476949926,-0.05582114784,0.1719000102,0.008442793978,-0.3278064504,-0.05002998267,0.9302891752,0.2712156469,0.1691043902,0.6534776448,0.3163855552
ctx_lh_G_pariet_inf-Supramar,1.34281845,-0.8858654617,-0.2797638478,0.5685674096,0.2069203322,-0.01954792629,0.6442919956,0.4426421392,0.3104352251,-0.05984774644,-0.02729318013,-0.1056957066,-0.1317671887,0.1325657703,-0.4692061751,0.07288328347,0.1711236537,-0.01696327417,0.6620133241
ctx_lh_G_parietal_sup,-0.3444765692,0.3798570055,-0.2960939489,0.4824724883,-0.749842247,2.087397223,0.3056561401,0.1324940549,0.7909643596,-0.2252786968,-0.001315760385,-0.004457783443,-0.3270227701,0.1663057918,0.7373561835,0.3239869594,0.01626224498,0.4560324713,-0.01883157045
ctx_lh_G_postcentral,-0.3762037271,0.1108730205,-0.2948476883,1.127771696,-0.4111801729,0.7234041879,0.168981127,-0.05456438766,0.7825594495,-0.06861961231,-0.07262581328,0.7766708454,-0.2509007687,-0.2201879296,0.5504206421,-0.1790149961,0.1196712492,0.5426729587,-0.4513745827
ctx_lh_G_precentral,-0.3728652001,0.341324043,-0.2526271892,1.055291765,-0.606826001,0.4593652591,0.6419136756,0.1909216026,0.3718836728,-0.0217121195,0.3732083055,0.559470115,-0.09539000542,0.3571696882,0.3584524419,0.01638845469,0.5092809633,0.714164267,0.168103251
ctx_lh_G_precuneus,-0.2704748171,-0.3898415274,-0.3366631032,0.5265639159,-0.7605948508,-0.1136487075,0.8766561058,0.5010769508,0.2862098865,0.03588760428,0.01828490467,-0.459083984,-0.1428158546,0.8180865828,-0.1509073902,0.2908548721,0.4178810582,0.3057533649,0.2667105388
ctx_lh_G_rectus,0.442868177,-0.5528256879,0.03527261839,-0.2054184147,-0.1441606896,-0.8660935498,1.338449668,0.8806842123,-0.1854221062,0.4431323205,-0.1779510586,0.6193023483,0.1128767543,0.8143303967,-0.3949237827,0.5486347301,0.8607562992,0.5643038298,1.277335514
ctx_lh_G_subcallosal,-0.3366553993,0.2394834609,2.037919359,0.2060583361,0.1357682294,-0.6451365013,-0.3777407484,0.06887242708,-0.6924780012,0.8660959626,-0.3651823841,-0.82075326,1.891356645,0.24988849,-0.7998222995,-0.3732013639,2.801609215,-1.140251425,1.676534228
ctx_lh_G_temp_sup-G_T_transv,1.374650085,-0.6139878008,0.173139375,1.446513688,-0.5964540031,-0.4683024419,1.292578401,0.6428845385,-0.366867729,0.7806287723,0.1010672384,-0.2997185639,0.5211803499,1.524663278,-0.6825667803,1.109920197,0.7825736755,-0.4002403519,-0.258971512
ctx_lh_G_temp_sup-Lateral,1.758378125,-0.3832858031,-0.4054795611,0.4461746996,0.8091808169,0.4736461068,1.319327563,1.036412899,0.04533415015,0.5973667055,-0.2425173183,1.083741954,0.02724623126,0.7233985612,-0.3863332798,0.3544313118,0.3026300309,-0.1258382767,0.5897339069
ctx_lh_G_temp_sup-Plan_polar,1.834780613,-0.1841061644,0.196781147,-0.250625605,0.3419090039,-0.1713881741,0.4768450195,0.5270004567,-0.2859287456,0.9056302854,-0.7976298296,1.34968221,0.01259828183,0.3938731926,-0.8154028321,0.2460429367,0.3779334386,-0.5958468474,0.6341231445
ctx_lh_G_temp_sup-Plan_tempo,1.16848997,-0.7744342874,-0.2509680695,1.098887507,0.9146064997,-0.5619181883,0.5462311702,0.3295504209,-0.126787842,-0.07011640668,0.2170382239,-0.5892245305,0.04475328153,0.6818527691,-0.9831131243,0.6714209383,0.3227396061,-0.561749973,0.3655616774
ctx_lh_G_temporal_inf,0.7227724437,-0.002267746046,-0.1271724542,0.466847556,0.67479958,0.3686367709,1.028076226,0.7283250707,0.4730000141,0.02973503737,-0.05807822023,-0.06165567804,-0.1627934785,0.7486956654,0.2357586104,0.1823523305,0.04438205134,-0.08612000073,0.7132977356
ctx_lh_G_temporal_middle,1.477959501,-0.1060190593,-0.1624585311,0.6655483655,1.115144233,0.3486713917,1.457340718,1.052343599,-0.5617303119,0.1833062211,0.09386682861,0.5350051519,-0.1493079446,0.7855295287,-0.6327111723,0.4398033103,0.1739005763,-0.2448843001,0.8049900502
ctx_lh_Lat_Fis-ant-Horizont,0.9961865181,0.2504658671,0.2073236654,0.4664981015,-0.5569354268,0.5509794174,0.1678115358,-0.1128632927,-0.1230883341,-0.1166998896,0.1780738587,1.611122727,-0.06003057736,0.4638336726,0.7723223504,0.7285261515,0.2977754313,1.633548576,0.3497078157
ctx_lh_Lat_Fis-ant-Vertical,-0.1694558771,0.4387885633,0.2602166828,0.602604674,-0.7599481344,0.8524805413,0.0271197375,-0.1553299097,0.1621767799,-0.2363015559,0.3095424677,1.611122727,-0.02492867232,0.706311053,0.5851635262,0.9427851421,0.4618525697,0.1956826289,0.5623671317
ctx_lh_Lat_Fis-post,-0.6762723364,-0.5251872777,0.02346919758,0.1474530329,-0.5879045913,-0.5922832306,-0.09974043915,-0.1731402967,-0.5907565024,-0.0191421953,0.04461935632,-0.634991128,-0.01280216012,0.1451723065,-0.9323370489,0.1111025686,-0.4905779619,0.2188933015,-0.4421844136
ctx_lh_Pole_occipital,-0.7515239956,-0.8854022025,-0.3505079272,0.02150518168,-0.3106862884,2.188727243,0.3315069585,-0.08452258596,0.5064124914,-0.04973840605,-0.471486654,1.545288305,-0.3731597381,-0.05545742502,0.5723889628,0.2589571446,-0.1920072287,0.7350372525,-1.254201907
ctx_lh_Pole_temporal,1.783763141,-0.4702150062,-0.03476287554,-0.6179374431,2.0900209,0.1044926654,1.009822985,0.8857044302,0.8726055383,0.616474523,-0.7141309649,1.529577482,-0.1382455152,0.6622376723,0.2415531482,0.3363857615,-0.1767913496,-0.1111939379,0.9937470514
ctx_lh_S_calcarine,-0.3908509012,-0.5959691076,-0.4001359672,0.07879901342,-0.6628423893,0.4378695191,0.5657037204,0.003073352726,-0.08730195585,0.2416816149,-0.4077887989,-0.02695437489,-0.2130720236,0.4873566435,0.6989883558,1.252726648,-0.1325954758,0.01461514519,-1.198354221
ctx_lh_S_central,-0.5775152942,1.026734977,-0.1037271748,1.161153807,-0.7262964744,-0.4175400242,-0.1150419495,-0.2385128969,-0.175877298,-0.185289996,0.164438857,0.408576834,0.2304844537,0.3312810227,-0.1162038641,0.2483797257,-0.30369331,0.5295564013,-0.6821092267
ctx_lh_S_cingul-Marginalis,-0.6704507397,0.7113272036,-0.3889110778,0.5858360505,-0.7693986323,-0.2914174325,0.4512194576,0.197663066,-0.2225324952,0.08381756138,-0.04723128503,-0.6577439729,-0.02064788195,0.4004209365,-0.7361577435,0.311886116,0.132361048,1.36882666,0.3525363907
ctx_lh_S_circular_insula_ant,-0.1837606812,0.773796977,2.952366447,0.2168711962,-0.03890632545,-0.4942592589,0.6161668439,0.2983551093,-0.04068241741,0.5363009356,0.06149094538,1.611122727,0.2478092803,0.904461077,-0.7292593667,0.8554001167,1.371465394,0.289949476,1.187536698
ctx_lh_S_circular_insula_inf,1.076587219,-0.3876879078,1.070073627,0.3618122227,-0.622764039,-0.4914068106,0.563266983,0.4654459752,-0.8616339708,0.881450027,-0.09531414942,-0.04507432196,0.6116213086,0.6373788524,-0.6903367601,0.3630161639,0.6957522506,-0.6852658558,0.5516714314
ctx_lh_S_circular_insula_sup,-0.6253388468,0.4373749864,2.063495006,0.1930524729,-0.6133500229,-0.4226582546,0.5352372843,0.281363297,-0.4610688425,0.4615857393,0.2125886319,1.113746356,0.4382850627,0.7179784415,-0.467280707,0.6023735849,0.6534290896,-0.5326935895,0.6619842715
ctx_lh_S_collat_transv_ant,0.4248263118,-0.1003369053,0.1672185126,-0.3130782031,-0.3860471178,-0.180121328,0.2461354612,0.1270449071,0.6670971555,-0.07477415594,-0.4183782824,-0.4589972121,-0.1837478912,0.6008393676,-0.2829529261,0.242366073,-0.391067556,-0.3151985995,0.3448401467
ctx_lh_S_collat_transv_post,-0.6756217607,-0.3652777225,-0.3377891899,0.2316745979,-0.6459476852,1.199898416,0.6251498927,0.2169454689,-0.4003556474,0.05706543401,-0.05303936447,-0.5318683453,-0.2197094435,0.5059688877,-1.04618689,1.047884115,-0.03341134805,0.322556584,-0.9823910577
ctx_lh_S_front_inf,-0.2332474203,0.9687888227,0.1894991176,0.426979577,-0.5591603518,-0.0618974336,0.3399742925,0.07143648651,-0.4285866122,-0.1283084826,0.2738392637,1.417414938,-0.04497567654,0.5146691595,0.05072045152,0.4075324295,-0.07977994022,0.1120116104,0.3082410173
ctx_lh_S_front_middle,-0.5167829092,0.6582986755,0.01541257872,0.5580621937,0.3731373954,-0.4040048079,-0.1303335566,-0.2362712023,-1.447509306,-0.3270128025,0.2100015284,1.429679455,-0.05249133189,0.4623460539,0.2068301647,0.4250098294,-0.08126456553,-0.2191125755,0.5025812643
ctx_lh_S_front_sup,-0.4355098297,1.909066851,-0.06329736123,0.2715262636,0.8048774654,-0.3666638047,0.1953635339,-0.06144078984,-0.5575233177,-0.2833692857,0.3225948472,-0.1953722193,-0.1515707372,0.4853095954,-0.6550378064,0.3208141717,0.229467988,-0.4211174153,0.5653578225
ctx_lh_S_interm_prim-Jensen,1.030666673,-0.9827828471,-0.2367956997,0.8332424011,-0.1613895272,1.6857177,0.4932906084,0.3151534626,1.349194609,-0.2127579819,0.5358960709,-0.6531114952,-0.1215594645,0.8019824521,0.2257908745,0.696359956,0.1860622348,0.1948550506,0.8122753146
ctx_lh_S_intrapariet_and_P_trans,-0.5128284356,0.5665399717,-0.2390185099,0.250591268,-0.6932259358,1.32876489,0.1056806181,-0.04799811315,0.5944434535,-0.3165425945,-0.03308520633,-0.5834619838,-0.2935197416,0.4220055511,0.9042304499,0.135027111,-0.4864004986,0.242904754,-0.272939363
ctx_lh_S_oc_middle_and_Lunatus,-0.7212350166,-0.7063284581,-0.26803767,0.3818040217,1.013582235,2.011315659,0.4390399394,0.1541074158,-0.2137477283,-0.1146888737,-0.04448088441,0.05590155416,-0.2656771484,0.5123400806,0.2049162087,0.7273874604,-0.3828878141,0.1367760909,-0.8959564968
ctx_lh_S_oc_sup_and_transversal,-0.3870296203,-0.5616082564,-0.2732535219,0.3986739367,0.02612811688,2.214081389,0.1501413152,-0.05146898463,0.04474069126,-0.1738354513,-0.05115701206,0.4448466138,-0.2520869437,0.6199154236,0.4249559889,0.5251992854,-0.4315282309,-0.1124686193,-0.9848190484
ctx_lh_S_occipital_ant,-0.6872112669,-0.274187398,-0.307694235,0.240724489,0.9258760161,1.711998334,0.3429644379,0.1215121337,-0.4484547788,-0.1424165446,-0.09255372812,-0.5449283938,-0.1743593063,0.5070743957,1.386055502,0.6702231874,-0.3042139824,0.3083185819,-0.4605465399
ctx_lh_S_oc-temp_lat,-0.31146062,0.2057288564,-0.2219259615,-0.2754708542,-0.489199344,-0.23351595,-0.02203045239,-0.1000810381,-0.1270299488,-0.2977358053,-0.314109722,-0.5688215414,-0.2242285613,0.3328846048,1.003538173,0.6521530221,-0.7189752439,0.1732827795,-0.246557795
ctx_lh_S_oc-temp_med_and_Lingual,-0.2563150937,-0.2129199553,-0.2668427057,-0.03393455247,-0.6734859234,-0.1351761903,0.5571643941,0.289328396,-0.03173202863,0.1917039893,-0.1543256549,-0.5971093718,-0.1495976973,0.6512355537,0.7698643537,0.8257962357,-0.1629080743,0.0322090001,-0.3763762277
ctx_lh_S_orbital_lateral,1.824889037,-0.471429567,-0.07509426429,0.718058235,0.159575361,-0.2571036736,0.2894058438,0.07674147435,-0.2999138843,-0.169540441,0.3665774227,1.611122727,-0.001232865076,0.2755819902,0.7734261155,0.7206940653,-0.09411479926,1.573468429,0.48805871
ctx_lh_S_orbital_med-olfact,-0.1906146465,-0.0168229357,1.203704099,-0.3537898608,0.3636518867,-0.9100731095,0.8270033783,0.5614427436,-0.3807708001,0.5524793696,-0.4116826784,0.2867946472,0.5544467301,0.7088711098,-0.9129951977,0.5962709997,2.250027005,0.3512128462,1.194178018
ctx_lh_S_orbital-H_Shaped,1.262339757,-0.1306725857,0.3939744441,0.02739488364,0.597284475,-0.8586057917,0.9627287023,0.3888720808,-0.4471152766,0.1091413447,-0.1304395348,1.610929961,-0.008728615804,0.8913109256,-0.050585845,0.5632454229,0.0714093486,1.476955834,0.8603403932
ctx_lh_S_parieto_occipital,-0.1655891467,-0.4988739053,-0.3354485895,0.315307757,-0.7357581743,0.1719176206,0.2849266228,0.02012873696,0.1989350614,0.03825970894,-0.06363599346,-0.3825311895,-0.1799271072,0.7526192763,1.108237694,0.3702556141,0.1207274279,-0.1181943446,-0.5495666658
ctx_lh_S_pericallosal,-0.315692466,1.038595873,-0.8026542101,-0.7534777658,0.249210426,-0.502723194,0.02200986203,-0.07794209107,-0.4000718433,0.1155792953,-0.8689322488,-0.6372926999,-0.1310612443,-0.5559314844,-0.9642720963,0.2109319555,-0.4965570197,-0.3380414454,-0.636961417
ctx_lh_S_postcentral,-0.6183988703,0.6945147567,-0.1539822356,0.6136948422,-0.7093237464,-0.254544771,-0.06097675648,-0.1403763029,0.239519767,-0.3024967517,-0.04379973848,-0.3727794947,-0.1335270907,0.3603611833,-0.3266327208,0.2251274612,-0.395963442,0.1187159588,0.005707708745
ctx_lh_S_precentral-inf-part,-0.4881104022,0.7577358499,0.1412732153,0.519551894,-0.7218120906,0.1038409405,0.7396405183,0.2512822303,-0.0006689883047,-0.06417590206,0.3801062548,1.228803576,-0.04679605899,0.6323374997,-0.8843676586,0.7640113378,-0.04950827485,-0.3676716811,0.3248777354
ctx_lh_S_precentral-sup-part,-0.4577383311,2.174872754,-0.1030424583,0.4504072583,-0.7252738093,-0.6657424292,0.2701428819,-0.07062540563,-0.3953168412,-0.2307295957,0.2837175542,-0.4968944312,-0.01766885915,0.3955837931,-0.4079817862,0.3429166026,-0.1526307979,0.9079371192,0.1689536545
ctx_lh_S_suborbital,0.4764166852,0.01276060014,0.5929930074,0.1073277015,-0.3687610756,-0.7444721479,0.3923747659,0.1826524746,-0.8198736846,-0.008449074344,-0.1182723492,0.8181336857,0.01215324548,0.2706068771,-0.7213588702,0.9574610258,1.034159502,0.168467047,0.8339403322
ctx_lh_S_subparietal,-0.486482702,0.0741240766,-0.3253325169,0.2744584575,-0.7444425962,-0.2824747261,0.5524888737,0.2586590131,-0.04423734103,0.04227505819,0.03272491146,-0.634750333,-0.06922652314,0.3472559843,-0.8207061614,0.5891658016,0.008871676656,0.7711944429,0.0797999633
ctx_lh_S_temporal_inf,0.7943445566,0.09384736306,-0.05480101429,0.1346963659,0.076048895,-0.04699891302,0.3971163228,0.2528373015,-0.4384724025,-0.2156125643,-0.2407515241,-0.2071138374,-0.1497876309,0.3677317524,-0.2691353436,0.6000776049,-0.5725555376,-0.4388563715,0.01799650868
ctx_lh_S_temporal_sup,0.1721196849,-0.3290798443,-0.08433402476,0.4544476223,0.2128500791,0.5164598832,0.4836147535,0.2974208912,-0.1655582317,-0.08635648551,0.1073377189,-0.2766617452,-0.04329094909,0.7674636833,-0.1970466171,0.3751731107,-0.129440301,-0.2195479313,0.4590560033
ctx_lh_S_temporal_transverse,1.283290401,-0.5621418335,-0.05212947774,1.253117694,-0.4001542063,-0.5451305486,0.6273468583,0.2773038132,0.447222671,0.1415431294,0.1219332918,-0.4877431839,0.2560225032,0.734512833,-0.7389970618,1.173066839,0.3989415845,-0.5564802421,-0.6592084092
ctx_rh_G_and_S_frontomargin,1.776454077,-0.9093011323,-0.2874767395,0.274070263,1.329040324,0.2626644363,0.7905996249,0.4292714388,-0.299154485,0.02595001578,0.07009217131,1.611122727,-0.08975057491,0.1680074063,-0.4677760035,0.9186809191,0.1681361092,0.2228282844,1.005408284
ctx_rh_G_and_S_occipital_inf,1.467301814,-0.4994066274,-0.3091682815,0.3976328344,-0.1950354612,0.01371804635,1.002700736,0.5248484935,0.04838549452,0.1167875879,-0.2821236078,0.4557048019,-0.3107971865,0.6507704483,-0.3838288366,0.8826985863,-0.1403030337,-0.517406038,-0.4606950452
ctx_rh_G_and_S_paracentral,0.7641254079,-0.6973111014,-0.3281850105,1.643720408,0.4941405042,-0.5039949946,0.0874100005,-0.1172904089,-0.5435762347,0.09571056924,-0.4127633762,0.2237058072,0.01589934376,0.3121340194,-0.2744764268,0.04524832667,0.2304927454,1.400571082,-0.4378731428
ctx_rh_G_and_S_subcentral,-0.4356595593,0.07569136858,-0.02809793371,1.032601964,-0.5905890764,0.4205372849,0.7915848845,0.4992276718,-0.184745195,0.2581525166,-0.09657218598,-0.6854464719,0.09676676411,0.5271685101,-0.04628963661,0.3881238225,0.3852818121,-1.261843391,0.4946493642
ctx_rh_G_and_S_transv_frontopol,1.778362602,-1.00399163,-0.2451256045,0.05218120633,0.3618959304,0.7707574611,0.811406425,0.407317692,-0.2555187404,0.05684772894,0.06721050959,1.610933244,-0.1797370599,-0.3384734231,-0.5181130685,0.2037633092,0.39235723,0.6358361006,0.8560000957
ctx_rh_G_and_S_cingul-Ant,-0.5915872133,0.4256601344,0.1706456206,0.13579679,-0.6567946653,-0.3989213429,0.2476612604,0.05073182442,-1.336082439,-0.04420071697,-0.05279680227,0.2825977166,0.1224445651,0.5896193427,-0.711170044,-0.06468236026,1.299536498,-0.5461945687,1.397023988
ctx_rh_G_and_S_cingul-Mid-Ant,-0.6249598401,1.931045041,-0.1522678292,0.5800119856,-0.2289917674,-0.4674750472,0.5328266222,0.2044139498,-0.7794623455,0.1420850385,0.3141397607,-0.6099838556,0.3651556935,0.6815361214,-1.092640433,0.1079332532,0.9562228967,-1.1843845,1.308212229
ctx_rh_G_and_S_cingul-Mid-Post,-0.3718413727,1.918731101,-0.361814551,1.028458686,0.02447997883,-0.6722115185,0.2796116257,0.04842749928,-0.3931350725,0.1675259425,0.2394351699,-0.6041639621,0.459458776,0.4742500656,-0.7616773804,-0.1237429872,0.6713966775,0.8959526124,0.8539989711
ctx_rh_G_cingul-Post-dorsal,-0.2819443649,1.439119266,-0.4287359765,0.3121606843,0.5479956376,-0.4273701549,0.4686501542,0.1872511481,-0.552888295,0.1736185029,-0.02856501582,-0.6298357024,0.1907533987,0.987870306,-0.6618905643,0.1091493229,0.2156700055,1.413329732,0.3821323344
ctx_rh_G_cingul-Post-ventral,-0.1792167097,0.2141159359,-1.020089091,-1.339145137,-0.4087788559,-0.4575800792,0.5032557372,0.2645418041,-0.03731193644,0.2422370905,-1.381421609,-0.7402791311,-0.2450605037,0.3743057131,-0.3855551924,0.2550323819,-0.4041785921,0.6649825017,-0.7877054203
ctx_rh_G_cuneus,0.4271853675,-0.6602207405,-0.3760584584,0.6348326983,0.4113380823,-0.4039666895,0.4824038153,0.05457083993,0.0186237706,0.1426042401,-0.2619228974,0.3866092965,-0.2082283339,0.7721868718,0.1336648436,0.8496566152,0.09073339721,-0.1870079145,-0.9700135625
ctx_rh_G_front_inf-Opercular,-0.6929825961,-0.3250092019,0.1871723686,0.8101852831,-0.3847070334,0.6264275476,1.297160238,0.7297951896,1.294166109,0.2977561272,0.3276775509,-0.7593657761,0.025507916,0.5882650548,0.4275143041,0.4091113445,0.8808813731,-0.717544567,0.9510925651
ctx_rh_G_front_inf-Orbital,1.091479996,-0.6319999084,-0.09586885256,0.6056774258,1.601226982,0.8915589594,1.273367375,0.7211615354,1.310898304,0.3669508901,0.3087585441,0.9067769064,-0.1068917038,0.7960747802,1.706286948,0.4082991872,0.4275666963,0.2072104866,0.8457238617
ctx_rh_G_front_inf-Triangul,0.8759927607,-0.5894708583,-0.1408866434,0.8443455918,0.8363205347,1.078882859,0.9451800503,0.4281966176,1.310898304,0.1670902323,0.5181334172,0.5955757162,-0.1553405719,0.4324419756,1.652649498,0.09212055869,0.4636274371,1.435249413,0.7224686791
ctx_rh_G_front_middle,0.4405411429,-0.7985168397,-0.1421585936,0.5071923711,-8.409926415e-05,0.687242583,0.8818437424,0.4075844704,1.229333457,0.01312300297,0.5468868213,0.146538531,-0.2075461527,0.2547546866,0.3414026822,0.277101865,0.6514361517,1.11448386,0.9524227277
ctx_rh_G_front_sup,-0.1845109725,-0.4851412345,-0.2991621661,0.3108465142,0.799010439,-0.252357511,0.9610867435,0.4225865617,-0.3966442013,0.02573309165,0.1580731291,-0.03575127699,-0.1632629491,0.4404526126,-0.2043374844,0.290278768,0.8420998334,0.7961560864,0.8116696785
ctx_rh_G_Ins_lg_and_S_cent_ins,-0.192916605,0.9733893531,1.896297817,0.5716983488,-0.7065344138,-0.6644149049,1.013097986,0.9301464556,-0.03724332402,1.526716893,-0.3287223945,-0.6997412341,0.8740864218,1.113204867,1.146241884,0.6211391608,0.9965109162,-1.634395756,1.110518046
ctx_rh_G_insular_short,-0.6219961618,0.1504434388,1.994792931,0.3444977222,-0.6321061336,-0.4804354871,0.5540114528,0.4519566355,1.089272721,0.7726320232,-0.16115197,-0.6828294841,0.403504844,1.149969174,1.401752484,0.05580191232,1.248149204,-0.5569136414,1.332600222
ctx_rh_G_occipital_middle,2.42912085,-0.6830332104,-0.2792769603,0.5208570128,0.3345712096,-0.6462082256,0.7385004492,0.468163525,1.153065146,0.03598879299,0.0740420444,-0.1302363414,-0.2151326879,0.6106352831,-0.7257116627,0.6992970427,0.03918457562,-0.1165325102,0.01585120872
ctx_rh_G_occipital_sup,2.489567292,-1.032642195,-0.3144571652,0.5241357848,-0.1170276272,-0.817309192,0.4697510288,0.2318975318,-0.4779771064,-0.01514399758,-0.06634865081,0.572746733,-0.3520048087,0.2195816233,-0.07853845862,0.4306359961,-0.03932372206,0.6826742099,-0.6135477162
ctx_rh_G_oc-temp_lat-fusifor,-0.5546507092,0.1931979427,-0.2044486328,0.1658115153,-0.431939974,-0.5899741591,0.6560825598,0.3517724793,0.0744340676,0.09888953398,-0.2350458407,-0.6065263884,-0.161527947,0.6279458068,0.3434688184,0.480647293,-0.01912249455,0.1110700979,0.1470352375
ctx_rh_G_oc-temp_med-Lingual,-0.4142531176,-0.5608588827,-1.032331147,-0.2238841768,-0.5175103295,-0.5808342644,0.6474427379,0.1200543146,-0.01015623854,0.2841644417,-0.6991064843,-0.3525785614,-0.2146103492,0.6269992661,-0.2943503008,0.8181216604,-0.3449181615,0.3927115356,-1.06196201
ctx_rh_G_oc-temp_med-Parahip,-0.609618097,-0.3990951482,0.1473542953,-0.8972629451,-0.5293432921,-0.1333148772,0.2965960079,0.6786752587,-0.601815571,1.158195336,-0.8656737958,-0.7659480696,-0.0452576987,-0.2499731043,0.7476540144,-0.3381766944,-0.2768762669,-0.3945734941,0.09675363939
ctx_rh_G_orbital,1.196307605,-0.7545770487,0.134914319,-0.09060960245,0.9055745335,-0.01931021488,1.40777931,0.8047434467,0.4929986821,0.4784878435,-0.06836269314,1.243265556,-0.03036714826,0.8352827113,0.6610397477,0.3467512798,0.5200114314,-0.0709105291,0.9888767029
ctx_rh_G_pariet_inf-Angular,-0.07210055896,-0.8329449686,-0.3207498321,-0.02149369003,1.086301847,-0.6963701695,0.8836757353,0.6214925143,-0.1628044337,-0.02884791272,-0.09029148139,0.1958335985,-0.2773711148,0.3688235077,-0.3318332611,0.5836181505,-9.930953092e-05,0.165108648,0.5487776252
ctx_rh_G_pariet_inf-Supramar,-0.1048340644,-0.5083020415,-0.2678678221,0.1428321325,-0.2562914737,-0.07027654951,0.4324992881,0.2681129158,-0.9352116409,-0.05531802829,-0.3839869909,0.6377935607,-0.2004899059,-0.2581876243,0.2662202139,0.1594468345,-0.03256507357,-0.86962652,0.4945814722
ctx_rh_G_parietal_sup,0.2165270361,-1.062276362,-0.3081401969,0.07193511584,1.351592064,-0.7686206897,0.2744689382,0.09642187324,0.1772075113,-0.1642031519,-0.3226415869,0.6956638256,-0.3613510312,0.04921007241,-0.4702036519,-0.005911313079,-0.01864971582,0.2311832108,-0.01004569347
ctx_rh_G_postcentral,1.52405441,-0.8749861174,-0.2969562076,0.8624517199,0.4815295318,0.5250093643,0.1970316498,-0.03323197643,-0.8846312528,0.03043925051,-0.2614269766,1.212648803,-0.1904406281,0.3881203281,0.2054926159,0.2901650359,-0.09257656262,-0.5816006266,-0.456636426
ctx_rh_G_precentral,1.363093827,-0.8169603946,-0.2640164952,1.086893577,0.6641318933,0.8004342773,0.5905646146,0.171985797,0.1635947924,0.003907127735,0.2831583384,0.1658155843,-0.101800155,0.211911109,0.5067361121,0.2253545421,0.3958336479,-0.1353099014,0.1591203309
ctx_rh_G_precuneus,-0.141206079,-0.4271672469,-0.3750977867,0.4942580296,-0.1268678979,-0.3034026191,0.661115201,0.3685483796,0.2997023638,0.03182582932,-0.09550041236,-0.4325653086,-0.1289180345,0.936047292,-0.5296338536,0.3999007883,0.3807746559,0.4883136892,0.2424172802
ctx_rh_G_rectus,0.481565517,-0.7048431822,-0.3109926337,-0.3287303778,-0.3100816769,-0.9341266086,0.8638159022,0.5448014463,0.01063255572,0.2214498333,-0.2819199409,0.7619948085,0.1136081734,0.7418581996,-0.3641240389,0.3331886063,0.962517764,0.2917099976,1.283776397
ctx_rh_G_subcallosal,-0.5114127542,0.4390543874,2.261938825,0.1563662605,-0.3912213159,-0.5322202535,0.2439613829,0.5443533906,-0.9475145915,1.023048351,-0.03544168925,-0.6846620519,1.61875829,0.5990910734,-0.457141807,-0.09872844215,3.398702768,-1.016342182,1.955687945
ctx_rh_G_temp_sup-G_T_transv,0.6757392377,1.232264082,0.1706380791,1.130977167,-0.6699656449,-0.7326979251,0.8384075957,0.425532501,-0.05085490269,0.5533016004,-0.3358030996,-0.8202283912,0.555705436,1.089220478,0.3950573142,0.3953014519,0.7127357697,-1.711916292,-0.03739329048
ctx_rh_G_temp_sup-Lateral,0.1002145848,-0.5464024001,-0.6277287174,0.177907277,-0.1307639464,0.02187521007,1.188718769,0.9439952722,0.357322991,0.4924556805,-0.4789651133,0.1497414464,-0.0719155268,0.4127119766,-0.6927872489,0.2770702171,0.1529097827,-0.5559860675,0.5319270951
ctx_rh_G_temp_sup-Plan_polar,-0.4747691508,-0.3867702818,0.5665064914,-0.3813824212,-0.4471597086,-0.5616863598,0.3573253909,0.4675920361,0.6383223603,0.8696036785,-0.857438022,0.2043198856,0.1969745987,0.4535519129,0.1536121437,-0.1037030827,0.4186168404,-0.1991535706,0.877001472
ctx_rh_G_temp_sup-Plan_tempo,0.2579225491,-0.2893920433,-0.2635999802,0.9889270797,-0.3288358912,-0.4535289439,0.70821587,0.4415135098,-1.137083758,0.07898438765,-0.01533124185,-0.2720125866,0.04650811039,0.5578353664,0.05558305227,-0.0617634569,0.3852785532,-1.00861967,0.4527130479
ctx_rh_G_temporal_inf,-0.1476570795,-0.1822314057,-0.08595125679,0.204500677,-0.5004112731,0.1780027984,1.414932364,1.019533191,-0.2810522147,0.09082806553,-0.2423854817,-0.494102506,-0.2141703894,0.7627548559,-0.7334677343,0.5615861921,-0.03817340139,0.4921655126,0.7852029724
ctx_rh_G_temporal_middle,-0.423752598,-0.5035303669,-0.1964704255,0.4350371521,-0.2774781308,-0.2425754656,1.583091622,1.158778277,0.07817184084,0.2065530425,-0.105246777,-0.2375301277,-0.2089242297,0.8543842189,-0.8334177063,0.5070328937,0.08139128744,0.3791708392,0.8086116931
ctx_rh_Lat_Fis-ant-Horizont,-0.2839009259,-0.435143526,0.2655518094,0.1424448354,0.02414739509,-0.3509077914,0.4884535521,0.1563818298,1.310898304,0.06762136942,0.1027826005,-0.2301469491,-0.04227445447,0.9177840844,1.43154722,0.01604320094,0.1152826552,-0.545553182,0.5743699344
ctx_rh_Lat_Fis-ant-Vertical,-0.5683864408,-0.4335384231,0.08852756374,0.4149145944,-0.1556359541,0.8182962429,0.4024178408,0.1020119159,1.310898304,-0.05921562923,0.1183242457,-0.877641761,-0.02365362411,0.6604397465,1.234867971,0.5053693005,0.2911455533,0.3835687643,0.6575242407
ctx_rh_Lat_Fis-post,0.08006420801,1.901428816,0.2620470229,0.1766611076,-0.3380365029,-0.5200959943,0.2417612549,0.05989306897,-0.6696537124,0.3736871138,-0.100285982,-0.7045971157,0.3595434673,0.7269106305,0.4217003517,0.2114158994,-0.09190287649,-0.929867565,0.006782841925
ctx_rh_Pole_occipital,0.860188491,-1.043761998,-0.3200285408,0.5147205081,-0.2238721291,0.2446467094,0.4755636621,0.01791538111,0.8488985549,0.03174798959,-0.2045356723,2.21137636,-0.3402516395,0.5491335086,-0.6279564012,1.107718551,-0.1321269428,0.3412761951,-1.303229662
ctx_rh_Pole_temporal,-0.2021849582,-0.3901018949,-0.180675333,-0.7002775795,0.1611328765,1.031121108,1.170429156,1.116009976,0.4419159388,0.9260678013,-0.8803070166,0.7827757063,-0.2056527102,0.6413700223,-0.05935944532,0.05456666931,-0.160946547,-0.02749095258,0.8964815366
ctx_rh_S_calcarine,-0.2113846398,0.6561233779,-0.500153533,-0.06759177956,-0.1864777303,-0.4787030512,0.3386914152,-0.08732683153,-0.3668116317,0.1170940728,-0.5295518411,-0.4991221386,-0.2454487665,0.3884722959,0.1782951083,0.823229794,-0.2611274475,-0.1927023405,-1.089783878
ctx_rh_S_central,0.2739355432,-0.3278377963,-0.1098436846,1.294717416,0.321858934,-0.05119664217,-0.02959609715,-0.1917767896,-0.8431534286,-0.08863857701,0.05629901014,-0.2571904247,0.2565154812,0.3704259835,0.2607865876,0.2491801349,-0.2581657619,-0.7641378496,-0.6398144816
ctx_rh_S_cingul-Marginalis,-0.05444380182,1.137189242,-0.2781803722,0.9023076282,-0.2764685863,-0.352755918,0.0833029699,-0.03538118468,-0.4200728775,-0.04599028624,0.01437113083,-0.5395384734,0.08097323668,0.7442806535,-0.6494311299,-0.2592200074,0.3785573332,0.8662610832,0.4839872964
ctx_rh_S_circular_insula_ant,-0.6599237093,-0.1837151237,2.614073345,-0.007202797791,-0.5406952062,-0.3666099957,0.5581932464,0.3075180702,1.302345483,0.4695497978,-0.03100033222,-0.7275144505,0.2022474156,1.078782688,1.27692124,0.3239405387,0.8188278171,-0.9046490221,1.268033049
ctx_rh_S_circular_insula_inf,0.2282712932,0.8437495649,1.125368037,0.1395759125,-0.6414442829,-0.6530109122,0.8518569314,0.6759478417,-0.4375903802,1.105113619,-0.4423740635,-0.4867048808,0.6923816,0.6136553017,0.2532496904,0.5465007708,0.4980317692,-0.9683794728,0.6205122094
ctx_rh_S_circular_insula_sup,-0.756925758,1.159750402,2.037546156,0.009326657414,-0.7350185239,-0.4496473379,0.5996285502,0.3592082598,0.06745578958,0.4486195846,0.005901384485,-0.7681155654,0.6030735335,1.076686102,1.427902446,0.4398228897,0.6316381178,-1.418405513,0.9946790882
ctx_rh_S_collat_transv_ant,-0.4638782002,0.2469534065,0.2566571143,-0.3254343336,-0.670476011,-0.5198157679,0.935964642,0.6487898983,-0.1561059734,0.3273025937,-0.6012141672,-0.6971064518,-0.125761208,0.7304537358,0.6205450036,0.5742716076,-0.3556169954,0.09033032657,0.5618342582
ctx_rh_S_collat_transv_post,-0.1457955309,-0.3833790343,-0.4187503555,0.01843863022,-0.6925900182,-0.9434776271,0.4568777736,0.1496501499,-0.3430721471,-0.02692707248,-0.2290233912,-0.07891387246,-0.2789896583,0.5764907134,-1.639833535,1.151876916,-0.237754968,-0.3624108741,-1.099792868
ctx_rh_S_front_inf,-0.4084738756,-0.2047463463,0.1654190441,-0.02220096128,-0.5064861517,0.06229979112,0.4999072023,0.1775650828,0.899257691,-0.03686057572,0.1151261181,-0.6230436752,-0.1040503228,0.5695019882,1.022266454,0.6918783337,-0.3510668096,0.03072551854,0.3064692124
ctx_rh_S_front_middle,-0.4450707963,-0.7308209086,-0.0552004717,0.3872085066,-0.542182726,-0.3790172435,0.2367174239,0.02527514851,0.8448850464,-0.1898564958,0.2304239471,-0.1453422743,-0.08682974324,0.4971380568,-0.8447459036,0.7368637502,0.1098351844,0.2340172238,0.8731215986
ctx_rh_S_front_sup,-0.4626425903,-0.2375295176,-0.1012883896,0.06289757802,-0.3836395667,-0.289808317,0.1847065296,-0.04346870059,0.3329171284,-0.2647915544,0.1267897815,-0.564371714,-0.1473623207,0.4309858966,-0.4198332957,0.4374788259,-0.08082047708,0.3838511829,0.5007975066
ctx_rh_S_interm_prim-Jensen,-0.02802066019,-0.7549823632,-0.2425536021,0.6878433681,0.04078000518,-0.5020863457,0.4326097456,0.2270233501,-0.8825630823,-0.2124525349,0.2613487262,0.671093968,-0.09337386854,0.6491353127,-0.3643718612,0.8134853173,0.1724460871,-0.2941379302,0.7011288426
ctx_rh_S_intrapariet_and_P_trans,0.1812414917,-0.3728174609,-0.2295978772,0.3137876781,0.791453725,-0.2903777014,0.03337007051,-0.08062619883,-0.04969054059,-0.2903909669,-0.1036362807,-0.3858398753,-0.2504847227,0.4243517962,-0.5023575922,0.2389559064,-0.3836809264,-0.4383337953,-0.1573441913
ctx_rh_S_oc_middle_and_Lunatus,1.643629942,-0.4259333664,-0.3058130804,0.307902847,-0.4434593714,-0.5164977474,-0.1211640413,-0.244792382,1.172378055,-0.2739155249,-0.1640040215,0.3448805387,-0.2048095889,0.1788059867,-0.8850580304,0.5958081908,-0.5668561239,-0.6753823334,-0.9969138304
ctx_rh_S_oc_sup_and_transversal,1.311566741,-0.4483015549,-0.2795561477,0.4678857666,0.0254372755,-0.3996687011,0.3291223009,0.07414903789,-0.398338751,-0.1309574756,-0.009361399836,-0.2813878718,-0.221706435,0.6948984582,0.8067413218,0.2899295792,-0.4819698328,-0.4455333552,-0.7137303728
ctx_rh_S_occipital_ant,0.5910292869,0.2824849204,-0.4402376326,0.01517129538,-0.6438753106,-0.3749255831,0.5118404457,0.2864772689,-0.01077884459,-0.03177661964,-0.2528825027,-0.6351589783,-0.2049392519,0.2855147159,-0.5558224102,0.3611130075,-0.4264534396,-0.9637252593,-0.02730728236
ctx_rh_S_oc-temp_lat,-0.4012595552,1.243961193,-0.1488653982,-0.2643892935,-0.4707250599,-0.5684317117,1.078893295,0.8001443799,-0.1301147361,0.1337645039,-0.5025938364,-0.6401160293,-0.1240473151,0.661094192,-0.8376993555,1.096600869,-0.5162616492,-0.414984788,0.222942971
ctx_rh_S_oc-temp_med_and_Lingual,-0.6985746698,0.7906435374,-0.1780616312,0.02617645397,-0.3310889567,-0.5127165052,0.7932758135,0.475879155,0.05790205456,0.3860906051,-0.2522560658,-0.7011874699,-0.08897280488,0.6204034363,-0.3049425102,0.8660057712,-0.08421019645,-0.1115172345,-0.1583480575
ctx_rh_S_orbital_lateral,1.779090841,-0.6966635349,-0.07953072312,0.4104005161,1.321051357,-0.3596531334,0.1514436547,-0.03062677364,0.7600702525,-0.2127072514,0.07879830441,1.190142073,-0.051287637,0.4287680243,0.6177667014,0.9862002316,-0.2417398542,0.4251988191,0.4643880259
ctx_rh_S_orbital_med-olfact,-0.4752968931,-0.2310023687,1.830602581,-0.2015385856,-0.5308834914,-0.5243228997,0.2251584477,0.3356908151,-1.181692773,0.6234058375,-0.1948127258,-0.3432193306,1.347143064,0.6085168864,0.2336869309,0.5438159277,1.939820001,-0.4816360799,1.442928768
ctx_rh_S_orbital-H_Shaped,0.829452936,-0.6574198505,0.3755572427,-0.2852942667,-0.1531644635,-0.5730648248,0.7310988469,0.3202731583,-0.2871969835,0.01941700925,-0.3075887484,1.353575301,-0.02789710563,0.9389698878,0.3630433811,0.4655551017,-0.1227083837,-0.299472381,0.7829756243
ctx_rh_S_parieto_occipital,0.3841605861,0.5459986907,-0.35229899,0.3228854363,-0.5217903237,-0.3283579952,-0.1485526364,-0.2434689138,-0.1388116197,-0.2688290118,-0.1565535516,-0.5758784259,-0.2658716711,0.3172070008,0.2288231243,0.5000676017,-0.014479815,-0.263292566,-0.7206518862
ctx_rh_S_pericallosal,-0.4834536885,1.834790511,-1.077233147,-0.8612656056,-0.04078763147,-0.4486712045,0.1933032758,0.0256071804,-0.1598176036,0.2184091038,-0.9597083828,-0.6593109902,-0.1822720531,-0.5516666632,-0.8221368476,0.5311681906,-0.6952728517,-0.4299035758,-0.7845297052
ctx_rh_S_postcentral,0.1830116892,-0.4255162153,-0.1477451999,0.9447929097,0.417224295,-0.3305155111,-0.2664379326,-0.2692551545,-0.5134134693,-0.311397078,-0.1032326162,-0.08670113718,-0.07201463906,0.3384413866,-0.3660986807,0.382165108,-0.265970642,-0.8394002917,-0.3233659697
ctx_rh_S_precentral-inf-part,-0.4600204596,-0.02048860448,0.1309316932,0.1587851927,-0.7405689885,1.453053512,0.7894202908,0.3497840382,0.8152841999,0.03598901583,0.1390409575,-0.652653536,-0.01719496542,0.7045799573,1.487427124,0.6636825972,-0.1265886089,-1.232987537,0.468899289
ctx_rh_S_precentral-sup-part,0.4000841913,-0.296481853,-0.1384101076,0.3629403684,0.8259163165,-0.1884596999,0.59445891,0.1423049448,-0.3269820452,-0.08687411382,0.06826280963,-0.4036972591,-0.0004636645287,0.4650477967,0.06750337861,0.3855475819,-0.1345108731,0.7817940866,0.225508693
ctx_rh_S_suborbital,0.09238326381,-0.3371445538,0.3437674346,0.006534087338,-0.4604333207,-0.6733945494,0.5907704165,0.2986464712,-1.127850341,0.1403941236,-0.1727935569,0.3841122506,0.1519353938,0.7372118213,-0.4948492165,0.2320004843,1.152697587,-0.1533978124,1.211029504
ctx_rh_S_subparietal,-0.2224768393,1.336809091,-0.3132208273,0.5130231008,0.1059463746,-0.3284660405,0.6466326781,0.365386575,-0.1456730406,0.07460629726,0.1386049448,-0.644627176,-0.03446985707,0.6648045432,-0.6360750428,0.4125896852,0.1937147756,0.8880829066,0.2782048551
ctx_rh_S_temporal_inf,-0.4824014345,0.1757418575,-0.02292273675,-0.1843598538,-0.625580939,-0.5213906723,0.825962277,0.5949126048,-0.3889906705,-0.08024101388,-0.6046118224,-0.6115162266,-0.1131593307,0.4037947031,-1.007747417,0.8011850857,-0.6331296943,-0.06215061824,0.220069592
ctx_rh_S_temporal_sup,-0.1489684388,0.1708299468,-0.08201537841,0.2153785454,-0.4001685474,-0.4045753517,0.3584241909,0.204748679,-0.3298467507,-0.1111893437,-0.1817499551,-0.5347620298,-0.05467073039,0.53103513,0.02838102531,0.4776343249,-0.154007613,-0.6465493352,0.239745055
ctx_rh_S_temporal_transverse,0.613914504,0.7860412784,-0.02791570476,1.157442523,-0.6669834768,-0.7640419265,1.237391795,0.7280943238,-0.4218006891,0.6130985731,-0.1831921495,-0.7790529403,0.4925044674,1.177863126,0.07690282094,1.074004746,0.4618902126,-1.294524555,-0.2873497392
